a	a	PART	TRUE
a	a	CONJ	TRUE
aj	aj	ADJ	TRUE
aja	aja	ADV	TRUE
ajkeλ	ajkeλ	N;NOM;SG	TRUE
ajmkitəm	ajmkitəm	ADJ	TRUE
ajn	ajn	ADV	TRUE
aj	ajšək	ADJ;COMP	TRUE
ajšəka	ajšəka	ADV	TRUE
ajλaŋki	ajλaŋki	N;NOM;SG	TRUE
ajλta	ajλta	ADV	TRUE
ajλtijewa	ajλtijewa	ADV	TRUE
akań	akań	N;NOM;SG	TRUE
akań	akańən	N;LOC;SG	TRUE
akań	akańət	N;PL;NOM	TRUE
akań	akańɛmn	N;PSS1D;NOM;SG	TRUE
akańije	akańijew	N;PSS1P;NOM;SG	TRUE
aki	aket	N;PL;NOM	TRUE
aki	akew	N;PSS1P;NOM;SG	TRUE
aki	akeλ	N;PSS3S;NOM;SG	TRUE
aki	akeλaλ	N;PL;PSS3S;NOM	TRUE
ăkəmti	ăkəmmeλ	V;INFER;PST;ARGNO3;ARGNOP	TRUE
ăkəmti	ăkəmsət	V;PST;ARGNO3;ARGNOP	TRUE
ăkəmti	ăkəmλət	V;PRS;ARGNO3;ARGNOP	TRUE
ăkətti	ăkəta	V;IMP;ARGNOS;ARGNO2	TRUE
ăkətti	ăkətəλ	V;PRS;ARGNO3;ARGNOS	TRUE
ăkətti	ăkətsajət	V;PST;PASS;ARGNO3;ARGNOP	TRUE
ăkətti	ăkətsew	V;PST;ARGNO1;ARGNOP;ARGACS	TRUE
ăkətti	ăkətsəm	V;PST;ARGNO1;ARGNOS	TRUE
ăkətti	ăkətsəw	V;PST;ARGNO1;ARGNOP	TRUE
ăkətti	ăkətsəλəw	V;PST;ARGNO1;ARGNOP;ARGAC{D/P}	TRUE
ăkətti	ăkətsəλλe	V;PST;ARGNO3;ARGNOS;ARGAC	TRUE
ăkətti	ăkətti	V.PTCP;PRS	TRUE
ăkətti	ăkətti	V.PTCP;PRS	TRUE
ăkətti	ăkətλa	V;PRS;PASS;ARGNO3;ARGNOS	TRUE
ăkətti	ăkətλajəm	V;PRS;PASS;ARGNO1;ARGNOS	TRUE
ăkətti	ăkətλaλ	V;PRS;ARGNO3;ARGNOP;ARGAC{D/P}	TRUE
ăkətti	ăkətλət	V;PRS;ARGNO3;ARGNOP	TRUE
ăkətti	ăkətλəw	V;PRS;ARGNO1;ARGNOP	TRUE
ăkətti	ăkətλəλaλ	V;PRS;ARGNO3;ARGNOP;ARGAC{D/P}	TRUE
aki	akɛm	N;PSS1S;NOM;SG	TRUE
aki	aki	N;NOM;SG	TRUE
aki	akiλaλ	N;PL;PSS3P;NOM	TRUE
ăkəmti	ăkməs	V;PST;ARGNO3;ARGNOS	TRUE
ăkətti	ăkte	V;IMP;ARGNOS;ARGACS;ARGNO2	TRUE
ăktəmtti	ăktəmtəsew	V;PST;ARGNO1;ARGNOP;ARGACS	TRUE
ăkətti	ăktəs	V;PST;ARGNO3;ARGNOS	TRUE
ăktəśti	ăktəśa	V;IMP;ARGNOS;ARGNO2	TRUE
ăktəśti	ăktəśəs	V;PST;ARGNO3;ARGNOS	TRUE
ăktəśijəλti	ăktəśijəλsət	V;PST;ARGNO3;ARGNOP	TRUE
ăktəśti	ăktəśmeλ	V;PST;INFER;ARGNO3;ARGNOP	TRUE
ăktəśti	ăktəśsajət	V;PST;PASS;ARGNO3;ARGNOP	TRUE
ăktəśti	ăktəśsəmn	V;PST;ARGNO1;ARGNOD	TRUE
ăktəśti	ăktəśsət	V;PST;ARGNO3;ARGNOP	TRUE
ăktəśti	ăktəśsəw	V;PST;ARGNO1;ARGNOP	TRUE
ăktəśti	ăktəśti	V.PTCP;PRS	TRUE
ăktəśti	ăktəśλəmən	V;PRS;ARGNO1;ARGNOD	TRUE
ăktəśti	ăktəśλət	V;PRS;ARGNO3;ARGNOP	TRUE
amamətśi	amamətśɛm	N;PSS1S;NOM;SG	TRUE
ămərtijəλti	ămərtijəλti	V.PTCP;PRS	TRUE
amətti	amətman	V.CVB	TRUE
amətti	amətsəŋən	V;PST;ARGNO3;ARGNOD	TRUE
amətti	amətsət	V;PST;ARGNO3;ARGNOP	TRUE
amətti	amətsəw	V;PST;ARGNO1;ARGNOP	TRUE
amətti	amətti	V.PTCP;PRS	TRUE
amńa	amńa	N;NOM;SG	TRUE
amńa	amńajew	N;PSS1P;NOM;SG	TRUE
amp	amp	N;NOM;SG	TRUE
amp	ampa	N;DAT;SG	TRUE
ampar	ampar	N;NOM;SG	TRUE
ampar	amparλaλ	N;PSS3S;NOM;PL	TRUE
amp	ampew	N;PSS1P;NOM;SG	TRUE
amp	ampeλ	N;PSS3P;NOM;SG	TRUE
amp	ampən	N;LOC;SG	TRUE
amp	ampət	N;PL;NOM	TRUE
amp	ampətən	N;PL;LOC	TRUE
amp	ampəλ	N;PSS3S;NOM;SG	TRUE
amp	ampɛm	N;PSS1S;NOM;SG	TRUE
amp	ampλan	N;PL;PSS2S;NOM	TRUE
amp	ampλaλ	N;PSS3S;NOM;PL	TRUE
amp	ampλəw	N;PL;PSS1P;NOM	TRUE
amtəŋ	amtəŋ	ADJ	TRUE
amtəptəti	ămtəptəλλe	V;PRS;ARGNO3;ARGNOS;ARGAC	TRUE
an	an	N;NOM;SG	TRUE
ănt	ăn	PART	TRUE
an	ana	N;DAT;SG	TRUE
an	anən	N;LOC;SG	TRUE
an	anət	N;PL;NOM	TRUE
anije	anije	N;NOM;SG	TRUE
anije	anijeλ	N;PSS3S;NOM;SG	TRUE
anije	anijɛm	N;PSS1S;NOM;SG	TRUE
ăńśar	ăńśarən	N;LOC;SG	TRUE
ănt	ănt	PART	TRUE
ănta	ănta	ADV	TRUE
ăntəp	ăntəp	N;NOM;SG	TRUE
ăntəp	ăntəpəλ	N;PSS3S;NOM;SG	TRUE
ăntəpjuλ	ăntəpjuλ	N;NOM;SG	TRUE
ăntti	antəs	V;PST;ARGNO3;ARGNOS	TRUE
ăntti	ăntəλ	V;PRS;ARGNO3;ARGNOS	TRUE
ăntɵm	ăntɵ	PART	TRUE
ăntɵm	ăntɵm	PART	TRUE
ăntpa	ăntpa	PART	TRUE
an	anλaλ	N;PL;PSS3S;NOM	TRUE
ăńχi	ăńχɛm	N;PSS1S;NOM;SG	TRUE
aŋən	aŋən	N;NOM;SG	TRUE
aŋka	aŋka	INTJ	TRUE
aŋkaŋki	aŋkaŋkɛm	N;PSS1S;NOM;SG	TRUE
aŋkaŋki	aŋkaŋkɛmən	N;PSS1D;NOM;SG	TRUE
aŋkaŋki	aŋkaŋki	N;NOM;SG	TRUE
aŋki	aŋken	N;PSS2S;NOM;SG	TRUE
aŋki	aŋken	N;PSS3D;NOM;SG	TRUE
aŋki	aŋkeŋəλam	N;DU;PSS1S;NOM	TRUE
aŋki	aŋkew	N;PSS1P;NOM;SG	TRUE
aŋki	aŋkewa	N;PSS1P;DAT;SG	TRUE
aŋki	aŋkewən	N;PSS1P;LOC;SG	TRUE
aŋki	aŋkeλ	N;PSS3S;NOM;SG	TRUE
aŋki	aŋkeλaw	N;PSS1P;NOM;PL	TRUE
aŋki	aŋkeλən	N;PSS3S;LOC;SG	TRUE
ăŋkərməti	ăŋkərməs	V;PST;ARGNO3;ARGNOS	TRUE
ăŋkərməti	aŋkərməsəm	V;PST;ARGNO1;ARGNOS	TRUE
ăŋkərməti	ăŋkərməti	V.PTCP;PRS	TRUE
ăŋkərməti	ăŋkərməλən	V;PRS;ARGNO2;ARGNOS	TRUE
ăŋkərtti	ăŋkərsəmən	V;PST;ARGNO1;ARGNOD	TRUE
ăŋkərtti	ăŋkərtəs	V;PST;ARGNO3;ARGNOS	TRUE
ăŋkərtti	ăŋkərtmaλ	V;PST;INFER;ARGNO3;ARGNOS	TRUE
aŋkəλ	aŋkəλ	N;NOM;SG	TRUE
aŋkəλ	aŋkəλa	N;DAT;SG	TRUE
aŋkəλ	aŋkəλən	N;LOC;SG	TRUE
aŋki	aŋkɛm	N;PSS1S;NOM;SG	TRUE
aŋki	aŋkɛmən	N;PSS1D;NOM;SG	TRUE
aŋki	aŋki	N;NOM;SG	TRUE
aŋkije	aŋkija	N;DAT;SG	TRUE
aŋkije	aŋkije	N;NOM;SG	TRUE
aŋkije	aŋkijew	N;PSS1P;NOM;SG	TRUE
aŋkije	aŋkijɛm	N;PSS1S;NOM;SG	TRUE
aŋki	aŋkiŋəλ	N;PSS3S;NOM;DU	TRUE
aŋki	aŋkiλaλ	N;PL;PSS3P;NOM	TRUE
aŋkśaśi	aŋkśaśɛm	N;PSS1S;NOM;SG	TRUE
aŋkśaśi	aŋkśaśɛmən	N;PSS1D;NOM;SG	TRUE
aŋkśaśi	aŋkśaśɛmn	N;PSS1D;NOM;SG	TRUE
aŋkśaśi	aŋkśaśiλam	N;PL;PSS1S;NOM	TRUE
aŋkəλ	aŋkλəta	N;PL;DAT	TRUE
aŋkəλ	aŋkλəλən	N;PSS3S;LOC;SG	TRUE
aŋlɛməti	aŋlɛməsəw	V;PST;ARGNO1;ARGNOP	TRUE
aŋkśaśi	aŋśaśɛm	N;PSS1S;NOM;SG	TRUE
aŋśiti	aŋśiti	V.PTCP;PRS	TRUE
apəli	apəlɛm	N;PSS1S;NOM;SG	TRUE
apəli	apəlɛmn	N;PSS1D;NOM;SG	TRUE
apəlnɛ	apəlnɛŋəλ	N;PSS3S;DU;NOM	TRUE
apər	apər	N;NOM;SG	TRUE
apər	apər	ADJ	TRUE
ăplək	ăplək	ADJ	TRUE
aprəŋ	aprəŋ	ADJ	TRUE
ăprəŋa	ăprəŋa	ADV	TRUE
apśi	apśeλ	N;PSS3P;NOM;SG	TRUE
apśi	apśeλ	N;PSS3S;NOM;SG	TRUE
apśi	apśɛm	N;PSS1S;NOM;SG	TRUE
ar	ar	NUM	TRUE
ar	ar	N;NOM;SG	TRUE
ara	ara	ADV	TRUE
arat	arat	N;NOM;SG	TRUE
ar	aren	N;PSS2S;NOM;SG	TRUE
ar	arət	N;PL;NOM	TRUE
ar	arɛm	N;PSS1S;NOM;SG	TRUE
arije	arijeλ	N;PSS3S;NOM;SG	TRUE
arijəλti	arijəλ	V;PRS;ARGNO3;ARGNOS	TRUE
arije	arijɛm	N;PSS1S;NOM;SG	TRUE
arijəλti	arijλ	V;PRS;ARGNO3;ARGNOS	TRUE
ariti	ariman	V.CVB	TRUE
ariti	arisa	V;PST;PASS;ARGNO3;ARGNOS	TRUE
ariti	arisət	V;PST;ARGNO3;ARGNOP	TRUE
ariti	ariti	V.PTCP;PRS	TRUE
ariti	ariλəm	V;PRS;ARGNO1;ARGNOS	TRUE
ariti	ariλət	V;PRS;ARGNO3;ARGNOP	TRUE
ariti	ariλəw	V;PRS;ARGNO1;ARGNOP	TRUE
armija	armija	N;NOM;SG	TRUE
armija	armijaja	N;DAT;SG	TRUE
armija	armijajən	N;LOC;SG	TRUE
art	arn	N;LOC;SG	TRUE
arna	arnat	N;PL;NOM	TRUE
ar	aršək	NUM;COMP	TRUE
arsər	arsər	ADJ	TRUE
ar	art	N;NOM;PL	TRUE
ar	arta	N;DAT;PL	TRUE
artaśti	artaśəs	V;PST;ARGNO3;ARGNOS	TRUE
artaśti	artaśman	V.CVB	TRUE
artaśti	artaśti	V.PTCP;PRS	TRUE
artaλəti	artaλəman	V.CVB	TRUE
artaλəti	artaλəsλən	V;PST;ARGNO3;ARGNOD;ARGACS	TRUE
artaλəti	artaλəti	V.PTCP;PRS	TRUE
artaλəti	artaλəλλe	V;PRS;ARGNO3;ARGNOS;ARGAC	TRUE
art	artən	N;LOC;SG	TRUE
artən	artən	CONJ	TRUE
artən	artən	ADP	TRUE
art	artəλən	N;PSS3S;PL;LOC	TRUE
ar	arλaλ	N;PL;PSS3S;NOM	TRUE
as	as	N;NOM;SG	TRUE
ăs	ăs	N;NOM;SG	TRUE
as	asa	N;DAT;SG	TRUE
ăs	ăsa	N;DAT;SG	TRUE
aśi	aśen	N;PSS2S;NOM;SG	TRUE
aśi	aśen	N;PSS3D;NOM;SG	TRUE
aśi	aśen	N;LOC;SG	TRUE
aśi	aśeŋəλam	N;DU;PSS1S;NOM	TRUE
aśi	aśew	N;PSS1P;NOM;SG	TRUE
aśi	aśeλ	N;PSS3S;NOM;SG	TRUE
aśi	aśeλən	N;PSS3S;LOC;SG	TRUE
aśi	aśɛm	N;PSS1S;NOM;SG	TRUE
aśi	aśɛm	N;PSS1S;NOM;SG	TRUE
aśi	aśɛmən	N;PSS1D;NOM;SG	TRUE
aśi	aśɛmən	N;PSS1D;NOM;SG	TRUE
aśi	ăśɛŋəλ	N;PSS3S;NOM;SG	TRUE
aśi	aśi	N;NOM;SG	TRUE
aśi	aśijən	N;LOC;SG	TRUE
aśi	aśiλaλ	N;PL;PSS3P;NOM	TRUE
ăškola	ăškola	N;NOM;SG	TRUE
ăškola	ăškolaja	N;DAT;SG	TRUE
ăškola	ăškolajən	N;LOC;SG	TRUE
ăškola	ăškolajət	N;PL;NOM	TRUE
ăškola	ăškolajn	N;LOC;SG	TRUE
as	asn	N;LOC;SG	TRUE
asλi	asλi	ADJ	TRUE
at	at	N;NOM;SG	TRUE
at	at	PART	TRUE
at	ata	N;DAT;SG	TRUE
ateλt	ateλt	ADJ	TRUE
ateλt	ateλt	ADV	TRUE
ateλta	ateλta	ADV	TRUE
ateλt	ateλtšək	ADV;COMP	TRUE
atəm	atəm	ADJ	TRUE
at	atən	N;LOC;SG	TRUE
at	atət	N;PL;NOM	TRUE
at	atətən	N;PL;LOC	TRUE
at	atəλ	N;PSS3S;NOM;SG	TRUE
at	atɛm	N;PSS1S;NOM;SG	TRUE
atkʉtəp	atkʉtəp	N;NOM;SG	TRUE
atma	atma	ADV	TRUE
at	atλa	N;PSS3S;DAT;SG	TRUE
at	atλaλ	N;PSS3S;NOM;PL	TRUE
at	atλaλən	N;PL;PSS3S;LOC	TRUE
atλən	atλən	ADV	TRUE
atλən	atλən	ADV	TRUE
aw	awəλ	N;PSS3S;NOM;SG	TRUE
aλ	aλ	ADV	TRUE
aλ	aλ	INTJ	TRUE
aλ	aλ	PART	TRUE
ăλ	ăλ	ADJ	TRUE
ăλ	ăλ	ADV	TRUE
aλˊti	aλˊe	V;IMP;ARGNOS;ARGACS;ARGNO2	TRUE
aλˊti	aλˊəm	V.PTCP;PST	TRUE
aλˊti	aλˊəs	V;PST;ARGNO3;ARGNOS	TRUE
aλˊti	aλˊmaλ	V;PST;INFER;ARGNO3;ARGNOS	TRUE
aλˊti	aλˊsa	V;PST;PASS;ARGNO3;ARGNOS	TRUE
aλˊti	aλˊsət	V;PST;ARGNO3;ARGNOP	TRUE
aλˊti	aλˊsəλλe	V;PST;ARGNO3;ARGNOS;ARGAC	TRUE
aλˊti	aλˊλən	V;PRS;ARGNO2;ARGNOS	TRUE
ăλti	ăλəm	V.PTCP;PST	TRUE
aλəmti	aλəməs	V;PST;ARGNO3;ARGNOS	TRUE
aλəmti	aλəməsλe	V;PST;ARGNO3;ARGNOS;ARGAC	TRUE
aλəmti	aλəməλ	V;PRS;ARGNO3;ARGNOS	TRUE
ăλəmti	ăλəmman	V.CVB	TRUE
aλəmti	aλəmsət	V;PST;ARGNO3;ARGNOP	TRUE
ăλəmti	ăλəmsət	V;PST;ARGNO3;ARGNOP	TRUE
aλəmti	aλəmsəλλe	V;PST;ARGNO3;ARGNOS;ARGAC	TRUE
aλəmti	aλəmti	V.PTCP;PRS	TRUE
aλəmti	aλəmλa	V;PRS;PASS;ARGNO3;ARGNOS	TRUE
aλəmti	aλəmλen	V;PRS;ARGNO2;ARGNOS;ARGACS	TRUE
ăλ	ăλən	N;LOC;SG	TRUE
aλəŋ	aλəŋ	ADV	TRUE
aλəŋ	aλəŋ	N;NOM;SG	TRUE
aλəŋ	aλəŋa	N;DAT;SG	TRUE
aλəŋaja	aλəŋaja	ADV	TRUE
aλəŋ	aλəŋən	N;LOC;SG	TRUE
aλti	aλəs	V;PST;ARGNO3;ARGNOS	TRUE
ăλti	ăλəλət	V;PRS;ARGNO3;ARGNOP	TRUE
aλɛməti	aλɛməs	V;PST;ARGNO3;ARGNOS	TRUE
aλɛməti	aλɛməsət	V;PST;ARGNO3;ARGNOP	TRUE
aλɛməti	aλɛməsi	V;PST;PASS;ARGNO3;ARGNOS	TRUE
aλɛməti	aλɛməsŋən	V;PST;ARGNO3;ARGNOD	TRUE
aλti	aλɛməsλe	V;PST;ARGNO3;ARGNOS;ARGAC	TRUE
aλɛməti	aλɛmti	V.PTCP;PRS	TRUE
ăλti	ăλman	V.CVB	TRUE
ăλti	ăλmaλ	V;PST;INFER;ARGNO3;ARGNOS	TRUE
aλəmti	aλme	V;IMP;ARGNOS;ARGACS;ARGNO2	TRUE
ăλəmti	ăλme	V;IMP;ARGNO2;ARGNOS;ARGACS	TRUE
aλəmti	aλməs	V;PST;ARGNO3;ARGNOS	TRUE
aλmijəλti	aλmijəλλa	V;PRS;PASS;ARGNO3;ARGNOS	TRUE
ăλmɵntiki	ăλmɵntiki	CONJ	TRUE
ăλnɵmλa	ăλnɵmλa	ADV	TRUE
aλpa	aλpa	ADV	TRUE
ăλti	ăλsew	V;PST;ARGNO1;ARGNOP;ARGACS	TRUE
ăλti	ăλseλ	V;PST;ARGNO3;ARGNOP;ARGACS	TRUE
ăλti	ăλsəm	V;PST;ARGNO1;ARGNOS	TRUE
ăλsəŋ	ăλsəŋ	ADJ	TRUE
aλśəti	aλśəsi	V;PST;PASS;ARGNO3;ARGNOS	TRUE
aλśəti	aλśəsijət	V;PST;PASS;ARGNO3;ARGNOP	TRUE
ăλti	ăλsət	V;PST;ARGNO3;ARGNOP	TRUE
aλśəti	aλśəti	V.PTCP;PRS	TRUE
ăλti	ăλsəw	V;PST;ARGNO1;ARGNOP	TRUE
aλśi	aλśəλaλ	V;PRS;ARGNO3;ARGNOP;ARGAC{D/P}	TRUE
aλśəti	aλśəλeλ	V;PRS;ARGNO3;ARGNOP;ARGACS	TRUE
aλśəti	aλśəλi	V;PRS;PASS;ARGNO3;ARGNOS	TRUE
aλti	aλsəλλe	V;PST;ARGNO3;ARGNOS;ARGAC	TRUE
aλt	aλt	PART	TRUE
aλti	aλti	V.PTCP;PRS	TRUE
ăλti	ăλti	V.PTCP;PRS	TRUE
aλtijəλti	aλtijəλsajət	V;PST;PASS;ARGNO3;ARGNOP	TRUE
aλtijəλti	aλtijəλti	V.PTCP;PRS	TRUE
aλλˊəti	aλλˊa	V;IMP;ARGNO2;ARGNOS	TRUE
aλλˊəti	aλλˊəsət	V;PST;ARGNO3;ARGNOP	TRUE
aλλˊəti	aλλˊəti	V.PTCP;PRS	TRUE
aλλˊijəλti	aλλˊijəλ	V;PRS;ARGNO3;ARGNOS	TRUE
ăλti	ăλλen	V;PRS;ARGNO2;ARGNOS;ARGACS	TRUE
ăλti	ăλλən	V;PRS;ARGNO2;ARGNOS	TRUE
ăλti	ăλλɛmən	V;PRS;ARGNO1;ARGNOD;ARGACS	TRUE
bandit	banditəŋən	N;DU;NOM	TRUE
bandit	banditət	N;PL;NOM	TRUE
bandit	banditŋəλan	N;DU;PSS2S;NOM	TRUE
bandit	banditλan	N;PL;PSS2S;NOM	TRUE
bandit	banditλaλən	N;PL;PSS3S;LOC	TRUE
ewi	ewen	N;PSS2S;NOM;SG	TRUE
ewi	ewet	N;PL;NOM	TRUE
ewi	eweλ	N;PSS3S;NOM;SG	TRUE
ewəmλijəλti	ewəmλijəs	V;PST;ARGNO3;ARGNOS	TRUE
ewətti	ewətsəλλe	V;PST;ARGNO3;ARGNOS;ARGAC	TRUE
ewətti	ewətti	V.PTCP;PRS	TRUE
ewətti	ewətλ	V;PRS;ARGNO3;ARGNOS	TRUE
ewətti	ewətλa	V;PRS;PASS;ARGNO3;ARGNOS	TRUE
ewətti	ewətλajət	V;PRS;PASS;ARGNO3;ARGNOP	TRUE
ewətti	ewətλəλən	V;PRS;ARGNO2;ARGNO{D/P};ARGACS	TRUE
ewətti	ewətλλe	V;PRS;ARGNO3;ARGNOS;ARGAC	TRUE
ewəλt	ewəλt	ADP	TRUE
ewəλt	ewəλta	ADP	TRUE
ewəλt	ewəλteλa	ADP;PSS3S;DAT	TRUE
ewəλt	ewəλtɛma	ADP;PSS1S;DAT	TRUE
ewəλti	ewəλti	V.PTCP;PRS	TRUE
ewəλti	ewəλλen	V;PRS;ARGNO2;ARGNOS;ARGACS	TRUE
ewəλti	ewəλλət	V;PRS;ARGNO3;ARGNOP	TRUE
ewi	ewɛm	N;PSS1S;NOM;SG	TRUE
ewi	ewɛŋən	N;DU;NOM	TRUE
ewi	ewi	N;NOM;SG	TRUE
ewije	ewije	N;NOM;SG	TRUE
ewije	ewijeŋən	N;DU;NOM	TRUE
ewije	ewijeλ	N;PSS3S;NOM;SG	TRUE
ewije	ewijɛm	N;PSS1S;NOM;SG	TRUE
ewileŋki	ewileŋkeŋən	N;DU;NOM	TRUE
ewileŋki	ewileŋkeŋənən	N;DU;LOC	TRUE
ewi	ewiλaλ	N;PL;PSS3S;NOM	TRUE
ewi	ewiλaλa	N;PL;PSS3S;DAT	TRUE
ewətti	ewte	V;IMP;ARGNOS;ARGACS;ARGNO2	TRUE
ewətti	ewtəm	V.PTCP;PST	TRUE
ewətti	ewtəs	V;PST;ARGNO3;ARGNOS	TRUE
ɛnəmti	ɛnəməλ	V;PRS;ARGNO3;ARGNOS	TRUE
ɛnəmti	ɛnəmsa	V;PST;PASS;ARGNO3;ARGNOS	TRUE
ɛnəmti	ɛnəmsəm	V;PST;ARGNO1;ARGNOS	TRUE
ɛnəmti	ɛnəmsəw	V;PST;ARGNO1;ARGNOP	TRUE
ɛnəmti	ɛnəmti	V.PTCP;PRS	TRUE
ɛnəmti	ɛnəmλət	V;PRS;ARGNO3;ARGNOP	TRUE
ɛnəmti	ɛnməm	V.PTCP;PST	TRUE
ɛnəmti	ɛnməs	V;PST;ARGNO3;ARGNOS	TRUE
ɛnəmti	ɛnməλ	V;PRS;ARGNO3;ARGNOS	TRUE
ɛnməλtəti	ɛnməλtəs	V;PST;ARGNO3;ARGNOS	TRUE
ɛnməλtəti	ɛnməλtəsəm	V;PST;ARGNO1;ARGNOS	TRUE
ɛnməλtəti	ɛnməλtəλ	V;PRS;ARGNO3;ARGNOS	TRUE
ɛnməλti	ɛnməλti	V.PTCP;PRS	TRUE
ɛŋəλti	ɛŋəλman	V.CVB	TRUE
ɛŋχti	ɛŋsəλλe	V;PST;ARGNO3;ARGNOS;ARGAC	TRUE
ɛŋχəmtti	ɛŋχəmsa	V;PST;PASS;ARGNO3;ARGNOS	TRUE
ɛŋχəmtti	ɛŋχəmsəλλe	V;PST;ARGNO3;ARGNOS;ARGAC	TRUE
ɛŋχəmtti	ɛŋχəmtsajət	V;PST;PASS;ARGNO3;ARGNOP	TRUE
ɛŋχəsti	ɛŋχəsλa	V;PRS;PASS;ARGNO3;ARGNOS	TRUE
ɛŋχɛmijəλti	ɛŋχɛmijəλλəλλe	V;PRS;ARGNO3;ARGNOS;ARGAC	TRUE
ɛŋχti	ɛŋχti	V.PTCP;PRS	TRUE
ɛpəλ	ɛpəλ	N;NOM;SG	TRUE
ɛpəλ	ɛpəλən	N;LOC;SG	TRUE
ɛpλəŋ	ɛpəλəŋ	ADJ	TRUE
ɛptəmtti	ɛptəmtəs	V;PST;ARGNO3;ARGNOS	TRUE
ɛpλəŋ	ɛpλəŋ	ADJ	TRUE
ɛsəmjiŋk	ɛsəmjiŋk	N;NOM;SG	TRUE
ɛsəλti	ɛsəλəsəm	V;PST;ARGNO1;ARGNOS	TRUE
ɛsəλti	ɛsəλəλaλ	V;PRS;ARGNO3;ARGNOP;ARGAC{D/P}	TRUE
ɛsəλijəλti	ɛsəλijəλsəλλe	V;PST;ARGNO3;ARGNOS;ARGAC	TRUE
ɛsəλijəλti	ɛsəλijəλλət	V;PRS;ARGNO3;ARGNOP	TRUE
ɛsəλti	ɛsəλman	V.CVB	TRUE
ɛsəλti	ɛsəλmaλ	V;PST;INFER;ARGNO3;ARGNOS	TRUE
ɛsəλti	ɛsəλsa	V;PST;PASS;ARGNO3;ARGNOS	TRUE
ɛsəλti	ɛsəλsəλam	V;PST;ARGNO1;ARGNOS;ARGAC{D/P}	TRUE
ɛsəλti	ɛsəλsəλλe	V;PST;ARGNO3;ARGNOS;ARGAC	TRUE
ɛsəλti	ɛsəλsɛm	V;PST;ARGNO1;ARGNOS;ARGACS	TRUE
ɛsəλti	ɛsəλti	V.PTCP;PRS	TRUE
ɛsəλti	ɛsəλλa	V;PRS;PASS;ARGNO3;ARGNOS	TRUE
ɛsəλti	ɛsəλλajən	V;PRS;PASS;ARGNO2;ARGNOS	TRUE
ɛsəλti	ɛsəλλajət	V;PRS;PASS;ARGNO3;ARGNOP	TRUE
ɛsəλti	ɛsəλλajɛmən	V;PRS;PASS;ARGNO1;ARGNOD;ARGACS	TRUE
ɛsəλti	ɛsəλλen	V;PRS;ARGNO2;ARGNOS;ARGACS	TRUE
ɛsəλti	ɛsəλλəλλe	V;PRS;ARGNO3;ARGNOS;ARGAC	TRUE
ɛsəλti	ɛsəλλɛm	V;PRS;ARGNO1;ARGNOS;ARGACS	TRUE
ɛsəλti	ɛsλaλən	V;IMP;ARGNO{D/P};ARGNO2;ARGAC{D/P}	TRUE
ɛsəλti	ɛsλe	V;IMP;ARGNOS;ARGACS;ARGNO2	TRUE
ɛsəλti	ɛsλəm	V.PTCP;PST	TRUE
ɛsλəmtti	ɛsλəmsəλλe	V;PST;ARGNO3;ARGNOS;ARGAC	TRUE
ɛsλəmtti	ɛsλəmsəλλən	V;PST;ARGNO{2/3};ARGNOD;ARGAC{D/P}	TRUE
ɛsλəmtti	ɛsλəmteλn	V;PRS;ARGNO3;ARGNOP;TAXIS	TRUE
ɛsλəmtti	ɛsλəmtəs	V;PST;ARGNO3;ARGNOS	TRUE
ɛsλəmtijəλti	ɛsλəmtijəλman	V.CVB	TRUE
ɛsλəmtti	ɛsλəmtti	V.PTCP;PRS	TRUE
ɛsλəmtti	ɛsλəmλɛm	V;PRS;ARGNO1;ARGNOS;ARGACS	TRUE
ɛsəλti	ɛsλən	V;PRS;ARGNO2;ARGNOS	TRUE
ɛsəλti	ɛsλəs	V;PST;ARGNO3;ARGNOS	TRUE
ɛsλəsti	ɛsλəsəs	V;PST;ARGNO3;ARGNOS	TRUE
ɛsəλijəλti	ɛsλijəλsəλaλ	V;PST;ARGNO3;ARGNOP;ARGAC{D/P}	TRUE
ɛtti	ɛte	V;IMP;ARGNOS;ARGACS;ARGNO2	TRUE
ɛtti	ɛtəm	V.PTCP;PST	TRUE
ɛtər	ɛtər	ADJ	TRUE
ɛtər	ɛtərŋən	N;DU;NOM	TRUE
ɛtti	ɛtəs	V;PST;ARGNO3;ARGNOS	TRUE
ɛtti	ɛtəλ	V;PRS;ARGNO3;ARGNOS	TRUE
ɛtijəλti	ɛtijəλ	V;PRS;ARGNO3;ARGNOS	TRUE
ɛtti	ɛtmaλ	V;PST;INFER;ARGNO3;ARGNOS	TRUE
ɛtməti	ɛtməm	V.PTCP;PST	TRUE
ɛtməti	ɛtməmaλ	V;PST;INFER;ARGNO3;ARGNOS	TRUE
ɛtməti	ɛtməs	V;PST;ARGNO3;ARGNOS	TRUE
ɛtməti	ɛtməsəm	V;PST;ARGNO1;ARGNOS	TRUE
ɛtməti	ɛtməsəw	V;PST;ARGNO1;ARGNOP	TRUE
ɛtti	ɛts	V;PST;ARGNO3;ARGNOS	TRUE
ɛtti	ɛtsa	V;PST;PASS;ARGNO3;ARGNOS	TRUE
ɛtti	ɛtsəm	V;PST;ARGNO1;ARGNOS	TRUE
ɛtti	ɛtsət	V;PST;ARGNO3;ARGNOP	TRUE
ɛtti	ɛtsəw	V;PST;ARGNO1;ARGNOP	TRUE
ɛtti	ɛtti	V.PTCP;PRS	TRUE
ɛtti	ɛttijən	V;PRS;INFER;ARGNO2;ARGNOS	TRUE
ɛtti	ɛtλ	V;PRS;ARGNO3;ARGNOS	TRUE
ɛtλˊəti	ɛtλˊəs	V;PST;ARGNO3;ARGNOS	TRUE
ɛtλˊəti	ɛtλˊəλ	V;PRS;ARGNO3;ARGNOS	TRUE
ɛtλˊəti	ɛtλˊəλəw	V;PRS;ARGNO1;ARGNOP	TRUE
ɛtλˊəti	ɛtλˊs	V;PST;ARGNO3;ARGNOS	TRUE
ɛtλˊəti	ɛtλˊλət	V;PRS;ARGNO3;ARGNOP	TRUE
ɛtλˊəti	ɛtλˊλəw	V;PRS;ARGNO1;ARGNOP	TRUE
ɛtti	ɛtλət	V;PRS;ARGNO3;ARGNOP	TRUE
ɛλ	ɛλ	N;NOM;SG	TRUE
ɛλəp	ɛλəp	ADJ	TRUE
ɛλəp	ɛλəpλaλ	N;PL;PSS3S;NOM	TRUE
ɛλti	ɛλəs	V;PST;ARGNO3;ARGNOS	TRUE
ɛλ	ɛλəλ	N;PSS3S;NOM;SG	TRUE
ɛλti	ɛλəλ	V;PRS;ARGNO3;ARGNOS	TRUE
ɛλəməti	ɛλməλət	V;PRS;ARGNO3;ARGNOP	TRUE
ɛλəp	ɛλpəλ	N;PSS3S;NOM;SG	TRUE
ɛλti	ɛλti	ADV	TRUE
ɛλti	ɛλti	ADP	TRUE
ɛλ	ɛλλaλ	N;PSS3S;NOM;PL	TRUE
i	i	CONJ	TRUE
i	i	NUM	TRUE
i	i	PART	TRUE
i	i	ADV	TRUE
iki	iken	N;PSS2S;NOM;SG	TRUE
iki	ikena	N;PSS2S;DAT;SG	TRUE
iki	ikenən	N;PSS2S;LOC;SG	TRUE
iki	ikeŋən	N;DU;NOM	TRUE
iki	iket	N;PL;NOM	TRUE
iki	ikew	N;PSS1P;NOM;SG	TRUE
iki	ikeλ	N;PSS3S;NOM;SG	TRUE
iki	ikeλa	N;PSS3S;DAT;SG	TRUE
iki	ikeλən	N;PSS3S;LOC;SG	TRUE
iki	ikɛm	N;PSS1S;NOM;SG	TRUE
iki	iki	N;NOM;SG	TRUE
ikije	ikija	N;DAT;SG	TRUE
ikije	ikije	N;NOM;SG	TRUE
ikije	ikijen	N;PSS2S;NOM;SG	TRUE
ikije	ikijɛm	N;PSS1S;NOM;SG	TRUE
ikileŋki	ikileŋken	N;PSS2S;NOM;SG	TRUE
ikileŋki	ikileŋki	N;NOM;SG	TRUE
ikileŋki	ikileŋkija	N;DAT;SG	TRUE
ikileŋki	ikileŋkiλan	N;PL;PSS2S;NOM	TRUE
ikilɛ	ikilɛ	N;NOM;SG	TRUE
ikilɛ	ikilɛn	N;PSS2S;NOM;SG	TRUE
ikilɛ	ikilɛλ	N;PSS3S;NOM;SG	TRUE
ikišiwi	ikišiwi	N;NOM;SG	TRUE
iki	ikiλam	N;PL;PSS1S;NOM	TRUE
iki	ikiλaw	N;PL;PSS1P;NOM	TRUE
iki	ikiλaλ	N;PL;PSS3P;NOM	TRUE
imi	imen	N;PSS2S;NOM;SG	TRUE
imi	imen	N;PSS{2/3}D;NOM;SG	TRUE
imi	imen	N;PSS2P;NOM;SG	TRUE
imi	imen	N;PSS{2/3}D;NOM;SG	TRUE
imi	imena	N;PSS2S;DAT;SG	TRUE
imi	imeŋən	N;DU;NOM	TRUE
imi	imeŋən	N;DU;NOM	TRUE
imi	imet	N;PL;NOM	TRUE
imi	imeta	N;PL;DAT	TRUE
imi	imew	N;PSS1P;NOM;SG	TRUE
imi	imeλ	N;PSS3P;NOM;SG	TRUE
imi	imeλ	N;PSS3S;NOM;SG	TRUE
imi	imeλən	N;PSS3P;NOM;PL	TRUE
imi	imeλən	N;PSS{2/3}D;NOM;PL	TRUE
iməλtijən	iməλtijən	ADV	TRUE
imi	imɛm	N;PSS1S;NOM;SG	TRUE
imi	imɛmn	N;PSS1D;NOM;SG	TRUE
imi	imi	N;NOM;SG	TRUE
imije	imija	N;DAT;SG	TRUE
imije	imije	N;NOM;SG	TRUE
imije	imijen	N;PSS2S;NOM;SG	TRUE
imileŋki	imileŋken	N;PSS2S;NOM;SG	TRUE
imileŋki	imileŋkeλən	N;PSS2P;LOC;PL	TRUE
imileŋki	imileŋki	N;NOM;SG	TRUE
imilɛ	imilɛ	N;NOM;SG	TRUE
imilɛ	imilɛn	N;PSS2S;NOM;SG	TRUE
imilɛ	imilɛλ	N;PSS3S;NOM;SG	TRUE
imitɵti	imitɵs	V;PST;ARGNO3;ARGNOS	TRUE
imi	imiλan	N;PL;PSS2S;NOM	TRUE
imi	imiλaw	N;PL;PSS1P;NOM	TRUE
imi	imiλaλ	N;PL;PSS3S;NOM	TRUE
imuλti	imuλti	PRO;NOM;SG	TRUE
imuλti	imuλtijən	PRO;LOC;SG	TRUE
in	in	ADJ	TRUE
in	in	ADV	TRUE
inmɵnti	inmɵnti	ADV	TRUE
ińśəsti	ińśəs	V;PST;ARGNO3;ARGNOS	TRUE
ińśəsti	ińśəsa	V;PASS;PST;ARGNO3;ARGNOS	TRUE
ińśəsti	ińśəsəs	V;PST;ARGNO3;ARGNOS	TRUE
ińśəsti	ińśəsət	V;PST;ARGNO3;ARGNOS	TRUE
ińśəsti	ińśəsəλ	V;PRS;ARGNO3;ARGNOS	TRUE
ińśəsti	ińśəsəλən	V;PST;ARGNO2;ARGNOS	TRUE
ińśəsijəλti	ińśəsijəλλa	V;PRS;PASS;ARGNO3;ARGNOS	TRUE
ińśəsti	ińśəssəm	V;PST;ARGNO1;ARGNOS	TRUE
ińśəsti	ińśəssəλλe	V;PST;ARGNO3;ARGNOS;ARGAC	TRUE
ińśəsti	ińśəssɛm	V;PST;ARGNO1;ARGNOS;ARGACS	TRUE
ińśəsti	ińśəsti	V.PTCP;PRS	TRUE
ińśəsti	inśəsλ	V;PRS;ARGNO3;ARGNOS	TRUE
ińśəsti	ińśəsλa	V;PRS;PASS;ARGNO3;ARGNOS	TRUE
ińśəsti	ińśəsλajəm	V;PRS;PASS;ARGNO1;ARGNOS	TRUE
ińśəsti	ińśəsλajən	V;PRS;PASS;ARGNO2;ARGNOS	TRUE
ińśəsti	ińśəsλajət	V;PRS;PASS;ARGNO3;ARGNOP	TRUE
ińśəsti	ińśəsλajŋən	V;PRS;PASS;ARGNO3;ARGNOD	TRUE
ińśəsti	ińśəsλaλe	V;PRS;PASS;ARGNO3;ARGNOS;ARGAC	TRUE
ińśəsti	ińśəsλəm	V;PRS;ARGNO1;ARGNOS	TRUE
ińśəsti	ińśəsλəλλe	V;PRS;ARGNO3;ARGNOS;ARGAC	TRUE
ińśəsti	ińśəsλɛm	V;PRS;ARGNO1;ARGNOS;ARGACS	TRUE
ińśməti	ińśməs	V;PST;ARGNO3;ARGNOS	TRUE
ińśməti	ińśməsi	V;PST;PASS;ARGNO3;ARGNOS	TRUE
ińśməti	ińśməsλe	V;PST;ARGNO3;ARGNOS;ARGAC	TRUE
ińśməti	ińśməλλe	V;PRS;ARGNO3;ARGNOS;ARGAC	TRUE
ipʉš	ipʉš	ADV	TRUE
irɛmti	irɛməs	V;PST;ARGNO3;ARGNOS	TRUE
irt	irtən	N;LOC;SG	TRUE
is	is	N;NOM;SG	TRUE
isa	isa	ADV	TRUE
isa	isa	NUM	TRUE
isa	isašək	ADV;COMP	TRUE
išək	išək	N;NOM;SG	TRUE
išəkti	išəksa	V;PST;PASS;ARGNO3;ARGNOS	TRUE
is	isəλ	N;PSS3S;NOM;SG	TRUE
iśi	iśi	ADV	TRUE
iśi	iśi	ADJ	TRUE
iśi	iśi	CONJ	TRUE
iśimurt	iśimurt	ADV	TRUE
iśipa	iśipa	PART	TRUE
iśipʉλˊaŋ	iśipʉλˊaŋ	ADV	TRUE
iśiti	iśiti	ADV	TRUE
iškaśti	iškaśλ	V;PRS;ARGNO3;ARGNOS	TRUE
iśki	iśki	ADJ	TRUE
iśki	iśki	N;NOM;SG	TRUE
iśki	iśkijen	N;LOC;SG	TRUE
iśəmti	iśməs	V;PST;ARGNO3;ARGNOS	TRUE
iśəmti	iśməsi	V;PST;PASS;ARGNO3;ARGNOS	TRUE
iśəmti	iśməsλe	V;PST;ARGNO3;ARGNOS;ARGAC	TRUE
išńi	išńi	N;NOM;SG	TRUE
išńi	išńiλaλ	N;PL;PSS3S;NOM	TRUE
išniχʉp	išniχʉpa	N;DAT;SG	TRUE
it	it	NUM	TRUE
it	ita	N;DAT;SG	TRUE
it	itew	N;SG;PSS1P;NOM	TRUE
it	iteλ	N;PSS3P;SG;NOM	TRUE
it	itəλ	N;PSS3S;SG;NOM	TRUE
it	itɛm	N;PSS1S;SG;NOM	TRUE
iti	iti	ADP	TRUE
iti	iti	CONJ	TRUE
iλ	iλ	ADJ	TRUE
iλ	iλ	ADV	TRUE
iλampa	iλampa	ADV	TRUE
iλi	iλi	ADV	TRUE
iλɛsλəsti	iλiɛsəλsa	V;PST;PASS;ARGNO3;ARGNOS	TRUE
iλiɛsλəmtti	iλiɛsλəmtəs	V;PST;ARGNO3;ARGNOS	TRUE
iλipitti	iλipitəs	V;PST;ARGNO3;ARGNOS	TRUE
iλipitti	iλipitmaλən	V;PST;ARGNO3;ARGNOS;TAXIS	TRUE
iλirakənti	iλiraknəs	V;PST;ARGNO3;ARGNOS	TRUE
iλisɛwərti	iλisɛwərti	V.PTCP;PRS	TRUE
iλiʉλti	iλiʉλa	V;IMP;ARGNO2;ARGNOS	TRUE
iλiwʉχəλti	iλiwʉχəλti	V.PTCP;PRS	TRUE
iλiwʉχəλti	iλiwʉχəλλəm	V;PRS;ARGNO1;ARGNOS	TRUE
iλiwʉχəλti	iλiwʉχλəs	V;PST;ARGNO3;ARGNOS	TRUE
iλpi	iλpeλən	ADP;PSS3S;LOC	TRUE
iλpi	iλpi	ADP	TRUE
iλpija	iλpija	ADP	TRUE
iλpi	iλpija	ADP;DAT	TRUE
iλpija	iλpija	ADP	TRUE
iλpijən	iλpijən	ADP;LOC	TRUE
iλpi	iλpijən	ADP;LOC	TRUE
iλpijən	iλpijən	ADP	TRUE
iλta	iλta	ADV	TRUE
iλʉλti	iλʉλəs	V;PST;ARGNO3;ARGNOS	TRUE
iλiʉλti	iλʉλsəŋən	V;PST;ARGNO3;ARGNOD	TRUE
iλλi	iλλi	ADV	TRUE
iχətti	iχətman	V.CVB	TRUE
iχətti	iχətsəm	V;PST;ARGNO1;ARGNOS	TRUE
iχətti	iχətsəλəw	V;PST;ARGNO1;ARGNOP;ARGAC{D/P}	TRUE
iχətti	iχətsəλλe	V;PST;ARGNO1;ARGNOS;ARGAC	TRUE
iχətti	iχətλa	V;PRS;PASS;ARGNO3;ARGNOS	TRUE
iχətti	iχtəm	V.PTCP;PST	TRUE
iχuśjaŋ	iχuśjaŋ	NUM	TRUE
ja	ja	PART	TRUE
jaj	jaj	N;NOM;SG	TRUE
jaj	jajəλ	N;PSS3S;NOM;SG	TRUE
jaj	jajəλən	N;PL;LOC	TRUE
jaj	jajɛm	N;PSS1S;NOM;SG	TRUE
jaj	jajɛmn	N;PSS1S;LOC;SG	TRUE
jaj	jajλam	N;PL;PSS1S;NOM	TRUE
jaj	jajλamən	N;PL;PSS1S;LOC	TRUE
jaj	jajλaλ	N;PL;PSS3S;NOM	TRUE
jaj	jajλɛm	N;PL;PSS1S;NOM	TRUE
jak	jak	N;NOM;SG	TRUE
jăkan	jăkan	N;NOM;SG	TRUE
jakti	jakəm	V.PTCP;PST	TRUE
jak	jakət	N;PL;NOM	TRUE
jakti	jakəλ	V;PRS;ARGNO3;ARGNOS	TRUE
jakijəλti	jakijəλλe	V;PRS;ARGNO1;ARGNOS;ARGAC	TRUE
jakti	jakman	V.CVB	TRUE
jakti	jaksa	V;PST;PASS;ARGNO3;ARGNOS	TRUE
jakti	jaksət	V;PST;ARGNO3;ARGNOP	TRUE
jakti	jakteλ	V;PRS;INFER;ARGNO3;ARGNOS	TRUE
jakti	jakti	V.PTCP;PRS	TRUE
jakti	jakλət	V;PRS;ARGNO3;ARGNOP	TRUE
jakti	jakλəw	V;PRS;ARGNO1;ARGNOP	TRUE
jalańiki	jalańiket	N;PL;NOM	TRUE
jalańiki	jalańikeλ	N;PSS3S;NOM;SG	TRUE
jalańiki	jalańikeλən	N;PSS3S;LOC;SG	TRUE
jalańiki	jalańiki	N;NOM;SG	TRUE
jalańiki	jalańikijən	N;LOC;SG	TRUE
jalańjʉχ	jalańjʉχ	N;NOM;SG	TRUE
jăm	jăm	ADJ	TRUE
jăma	jăma	ADV	TRUE
jăma	jămašək	ADV;COMP	TRUE
jămaśti	jămaśsəmən	V;PST;ARGNO1;ARGNOD	TRUE
jămaśti	jămaśsəŋən	V;PST;ARGNO3;ARGNOD	TRUE
jămaśti	jămaśti	V.PTCP;PRS	TRUE
jăməs	jăməs	ADV	TRUE
jămijewa	jămijewa	ADV	TRUE
jămkɛm	jămkɛm	ADV	TRUE
jămpɛlək	jămpɛlək	N;NOM;SG	TRUE
jăm	jămšək	ADJ;COMP	TRUE
jămsijewa	jămsijewa	ADV	TRUE
jăna	jăna	INTJ	TRUE
janas	janas	PRO;NOM;SG	TRUE
jańəλˊśəti	jańəλˊśəsijəŋən	V;PST;PASS;ARGNO3;ARGNOD	TRUE
jańśti	jańśe	V;IMP;ARGNOS;ARGACS;ARGNO2	TRUE
jańśti	jańśəm	V.PTCP;PST	TRUE
jańśti	jańśəs	V;PST;ARGNO3;ARGNOS	TRUE
jańśti	jańśəsa	V;PST;PASS;ARGNO3;ARGNOS	TRUE
jańśti	jańśəλ	V;PRS;ARGNO3;ARGNOS	TRUE
jańśti	jăńśəλəmən	V;PRS;ARGNO1;ARGNOD	TRUE
jańśɛməti	jańśɛməs	V;PST;ARGNO3;ARGNOS	TRUE
jańśɛməti	jańśɛməti	V.PTCP;PRS	TRUE
jańśɛmijəλti	jańśɛmijəλəs	V;PST;ARGNO3;ARGNOS	TRUE
jańśi	jańśi	V.PTCP;PRS	TRUE
jańśijəλti	jańśijλsət	V;PST;ARGNO3;ARGNOP	TRUE
jańśijəλti	jańśijλsəw	V;PST;ARGNO1;ARGNOP	TRUE
jańśti	jańśmaλ	V;PST;INFER;ARGNO3;ARGNOS	TRUE
jańśi	jańśmeλ	V;PST;INFER;ARGNO3;ARGNOP	TRUE
jańśti	jăńśmeλ	V;PST;INFER;ARGNO3;ARGNOP	TRUE
jańśti	jańśsət	V;PST;ARGNO3;ARGNOP	TRUE
jańśi	jańśsət	V;PST;ARGNO3;ARGNOP	TRUE
jańśti	jańśsəw	V;PST;ARGNO1;ARGNOP	TRUE
jańśti	jańśsɛm	V;PST;ARGNO1;ARGNOS;ARGACS	TRUE
jańśti	jańśti	V.PTCP;PRS	TRUE
jańśtut	jańśtut	N;NOM;SG	TRUE
jańśti	jańśλen	V;PRS;ARGNO2;ARGNOS	TRUE
jańśti	jańśλəm	V;PRS;ARGNO1;ARGNOS	TRUE
jańśti	jańśλəmən	V;PRS;ARGNO1;ARGNOD	TRUE
jańśti	jańśλɛm	V;PRS;ARGNO1;ARGNOS;ARGACS	TRUE
jańśti	jăńλət	V;PRS;ARGNO3;ARGNOP	TRUE
jańśti	jăńλəλλe	V;PRS;ARGNO3;ARGNOS;ARGAC	TRUE
jańλi	jańλi	ADJ	TRUE
jaŋ	jaŋ	NUM	TRUE
jaŋ	jaŋkɛm	NUM	TRUE
jăŋχti	jăŋλəmən	V;PRS;ARGNO1;ARGNOD	TRUE
jăŋχti	jăŋχa	V;IMP;ARGNOS;ARGNO2	TRUE
jăŋχti	jăŋχəm	V.PTCP;PST	TRUE
jăŋχti	jăŋχəmɛmən	V;PST;INFER;ARGNO1;ARGNOD	TRUE
jăŋχti	jăŋχəs	V;PST;ARGNO3;ARGNOS	TRUE
jăŋχti	jăŋχəλ	V;PRS;ARGNO3;ARGNOS	TRUE
jăŋχti	jăŋχəλən	V;PRS;ARGNO2;ARGNOS	TRUE
jăŋχɛməti	jăŋχɛməti	V.PTCP;PRS	TRUE
jăŋχijəλti	jăŋχijəλ	V;PRS;ARGNO3;ARGNOS	TRUE
jăŋχijəλti	jăŋχijəλəλ	V;PRS;ARGNO3;ARGNOS	TRUE
jăŋχijəλti	jăŋχijəλsaŋən	V;PST;PASS;ARGNO3;ARGNOD	TRUE
jăŋχijəλti	jăŋχijəλsət	V;PST;ARGNO3;ARGNOP	TRUE
jăŋχijəλti	jăŋχijəλti	V.PTCP;PRS	TRUE
jăŋχijəλti	jăŋχijəλλəm	V;PRS;ARGNO1;ARGNOS	TRUE
jăŋχijəλti	jăŋχijəλλəŋən	V;PRS;ARGNO3;ARGNOD	TRUE
jăŋχijəλti	jăŋχijəλλəw	V;PRS;ARGNO1;ARGNOP	TRUE
jăŋχijəλti	jăŋχijəλλɛmən	V;PRS;ARGNO1;ARGNOD;ARGACS	TRUE
jăŋχijəλti	jăŋχijλsəm	V;PST;ARGNO1;ARGNOS	TRUE
jăŋχijəλti	jăŋχijλλəm	V;PRS;ARGNO1;ARGNOS	TRUE
jăŋχijəλti	jăŋχijλλəmən	V;PRS;ARGNO1;ARGNOD	TRUE
jăŋχijəλti	jăŋχijλλət	V;PRS;ARGNO3;ARGNOP	TRUE
jăŋχti	jăŋχman	V.CVB	TRUE
jăŋχti	jăŋχmaλ	V;PST;INFER;ARGNO3;ARGNOS	TRUE
jăŋχti	jăŋχmɛmən	V;PST;INFER;ARGNO1;ARGNOD	TRUE
jăŋχti	jăŋχsəm	V;PST;ARGNO1;ARGNOS	TRUE
jăŋχti	jăŋχsəmən	V;PST;ARGNO1;ARGNOD	TRUE
jăŋχti	jăŋχsəŋən	V;PST;ARGNO3;ARGNOD	TRUE
jăŋχti	jăŋχsət	V;PST;ARGNO3;ARGNOP	TRUE
jăŋχti	jăŋχsəti	V;PST;ARGNO2;ARGNOP	TRUE
jăŋχti	jăŋχsəw	V;PST;ARGNO1;ARGNOP	TRUE
jăŋχti	jăŋχsɛmən	V;PST;ARGNO1;ARGNOD;ARGACS	TRUE
jăŋχti	jăŋχti	V.PTCP;PRS	TRUE
jăŋχti	jăŋχλen	V;PRS;ARGNO2;ARGNOS;ARGACS	TRUE
jăŋχti	jăŋχλəm	V;PRS;ARGNO1;ARGNOS	TRUE
jăŋχti	jăŋχλəmən	V;PRS;ARGNO1;ARGNOD	TRUE
jăŋχti	jăŋχλən	V;PRS;ARGNO2;ARGNOS	TRUE
jăŋχti	jăŋχλəŋən	V;PRS;ARGNO3;ARGNOD	TRUE
jăŋχti	jăŋχλət	V;PRS;ARGNO3;ARGNOP	TRUE
jăŋχti	jăŋχλəw	V;PRS;ARGNO1;ARGNOP	TRUE
jăŋχti	jăŋχλɛm	V;PRS;ARGNO1;ARGNOS;ARGACS	TRUE
jăŋχti	jăŋχλɛmən	V;PRS;INFER;ARGNO1;ARGNOD;ARGACS	TRUE
jăpali	jăpalen	N;NOM;PSS2S;SG	TRUE
jăpali	jăpali	N;NOM;SG	TRUE
jăplɛməti	jăplɛməλən	V;PRS;ARGNOS;ARGNO2	TRUE
jărsot	jărsot	NUM	TRUE
jărtjaŋ	jărtjaŋ	NUM	TRUE
jărtjaŋmit	jărtjaŋmit	ADJ	TRUE
jărχɵs	jărχɵs	NUM	TRUE
jăša	jăša	ADV	TRUE
jasəŋ	jasəŋ	N;NOM;SG	TRUE
jasəŋ	jasəŋa	N;DAT;SG	TRUE
jasəŋ	jasəŋən	N;LOC;SG	TRUE
jasəŋ	jasəŋət	N;PL;NOM	TRUE
jasəŋ	jasəŋn	N;LOC;SG	TRUE
jasəŋ	jasəŋλamən	N;PL;PSS1D;NOM	TRUE
jasəŋ	jasəŋλan	N;PL;PSS2S;NOM	TRUE
jasəŋ	jasəŋλaλ	N;PL;PSS3S;NOM	TRUE
jasəŋ	jasəŋλaλən	N;PL;PSS3S;LOC	TRUE
jasəŋ	jasŋen	N;PSS2S;NOM;SG	TRUE
jasəŋ	jasŋew	N;PSS1P;NOM;SG	TRUE
jasəŋ	jasŋewən	N;PSS1P;LOC;SG	TRUE
jasəŋ	jasŋeλ	N;PSS3P;NOM;SG	TRUE
jasəŋ	jasŋət	N;PL;NOM	TRUE
jasəŋ	jasŋəta	N;PL;DAT	TRUE
jasəŋ	jasŋəλ	N;PSS3S;NOM;SG	TRUE
jasəŋ	jasŋɛm	N;PSS1S;NOM;SG	TRUE
jasəŋ	jasŋɛma	N;PSS1S;DAT;SG	TRUE
jańśi	jaśsəŋən	V;PST;ARGNO3;ARGNOD	TRUE
jańśi	jaśsət	V;PST;ARGNO3;ARGNOP	TRUE
jastəti	jasta	V;IMP;ARGNO2;ARGNOS	TRUE
jastəti	jastəm	V.PTCP;PST	TRUE
jastəti	jastəs	V;PST;ARGNO3;ARGNOS	TRUE
jastəti	jastəλ	V;PRS;ARGNO3;ARGNOS	TRUE
jastəti	jastəλλe	V;PRS;ARGNO3;ARGNOS;ARGAC	TRUE
jăχa	jăχa	ADV	TRUE
jăχapitti	jăχapitsəŋən	V;PST;ARGNO3;ARGNOD	TRUE
jekər	jekər	N;NOM;SG	TRUE
jekər	jekəra	N;DAT;SG	TRUE
ješa	ješa	ADV	TRUE
ješaśti	ješaśsət	V;PST;ARGNO3;ARGNOP	TRUE
ješaśti	ješaśti	V.PTCP;PRS	TRUE
ješaśti	ješaśλət	V;PRS;ARGNO3;ARGNOP	TRUE
ješawɵλ	ješawɵλ	ADV	TRUE
jeśaλt	jeśaλt	ADP	TRUE
jeśaλt	jeśaλt	ADV	TRUE
jeśaλt	jeśaλta	ADP;DAT	TRUE
jeśaλt	jeśaλteλ	ADP;PSS3P	TRUE
jeśaλt	jeśaλteλa	ADP;PSS3P;DAT	TRUE
jeśaλt	jeśaλtɛm	ADP;PSS1S	TRUE
ješək	ješək	ADJ	TRUE
jetn	jetn	ADV	TRUE
jetn	jetn	N;NOM;SG	TRUE
jetn	jetna	N;DAT;SG	TRUE
jetn	jetnən	N;LOC;SG	TRUE
jetn	jetnətən	N;PL;LOC	TRUE
jetn	jetnəλ	N;PSS3S;NOM;SG	TRUE
jetšəti	jetša	V;IMP;ARGNOS;ARGNO2	TRUE
jetšəti	jetšəja	V;IMP;ARGNOS;ARGNO2	TRUE
jetšəti	jetšəm	V.PTCP;PST	TRUE
jetšəti	jetšəmaλ	V;PST;INFER;ARGNO3;ARGNOS	TRUE
jetšəptəti	jetšəptəsəm	V;PST;ARGNO1;ARGNOS	TRUE
jetšəti	jetšəs	V;PST;ARGNO3;ARGNOS	TRUE
jetšəti	jetšəsəm	V;PST;ARGNO1;ARGNOS	TRUE
jetšəti	jetšəsmən	V;PST;ARGNO1;ARGNOD	TRUE
jetšəti	jetšəti	V.PTCP;PRS	TRUE
jetšəti	jetšəλ	V;PRS;ARGNO3;ARGNOS	TRUE
jetšəti	jetšəλəm	V;PRS;ARGNO1;ARGNOS	TRUE
jetšɛməti	jetšɛma	V;IMP;ARGNOS;ARGNO2	TRUE
jew	jew	N;NOM;SG	TRUE
jew	jewən	N;LOC;SG	TRUE
jew	jewət	N;PL;NOM	TRUE
jew	jewətən	N;PL;LOC	TRUE
jeλ	jeλ	ADV	TRUE
jeλɛmti	jeλɛms	V;PST;ARGNO3;ARGNOS	TRUE
jeλɛmti	jeλɛmsa	V;PST;PASS;ARGNO3;ARGNOS	TRUE
jeλi	jeλi	ADV	TRUE
jeλijuχi	jeλijuχi	ADV	TRUE
jeλi	jeλišək	ADV;COMP	TRUE
jeλpijən	jeλpijən	ADP	TRUE
jeλpijən	jeλpijənən	ADP;LOC	TRUE
jeλλi	jeλλi	ADV	TRUE
jɛm	jɛm	ADJ	TRUE
jɛm	jɛm	N;NOM;SG	TRUE
jɛməŋ	jɛməŋ	ADJ	TRUE
jɛməλti	jɛməλ	V;PRS;ARGNO3;ARGNOS	TRUE
jɛməλti	jɛməλsəλλe	V;PST;ARGNO3;ARGNOS;ARGAC	TRUE
jɛməλti	jɛməλti	V.PTCP;PRS	TRUE
jɛməλti	jɛməλλəmən	V;PRS;ARGNO1;ARGNOD	TRUE
jɛməλti	jɛməλλət	V;PRS;ARGNO3;ARGNOP	TRUE
jɛŋk	jɛŋk	N;NOM;SG	TRUE
jɛŋk	jɛŋk	ADJ	TRUE
jɛŋk	jɛŋka	N;DAT;SG	TRUE
jɛŋk	jɛŋken	N;PSS2S;NOM;SG	TRUE
jɛŋk	jɛŋkən	N;LOC;SG	TRUE
jɛŋkəŋ	jɛŋkəŋ	ADJ	TRUE
jɛŋta	jɛŋta	ADJ	TRUE
jɛŋtaja	jɛŋtaja	ADV	TRUE
jɛŋta	jɛŋtajən	ADP;LOC	TRUE
jɛrəmti	jɛrəmman	V.CVB	TRUE
jɛrəmti	jɛrəmsəŋən	V;PST;ARGNO3;ARGNOD	TRUE
jɛrəmti	jɛrəmλen	V;PRS;ARGNO2;ARGNOS;ARGACS	TRUE
jɛrəmti	jɛrəmλəti	V;PRS;ARGNO2;ARGNOP	TRUE
jɛrmat	jɛrmat	ADJ	TRUE
jɛrnas	jɛrnas	N;NOM;SG	TRUE
jɛrnas	jɛrnasa	N;DAT;SG	TRUE
jɛrnas	jɛrnasən	N;LOC;SG	TRUE
jɛrnasəŋ	jɛrnasəŋ	ADJ	TRUE
jɛrnas	jɛrnasət	N;PL;NOM	TRUE
jɛrnas	jɛrnasɛm	N;PSS1S;NOM;SG	TRUE
jɛrnas	jɛrnasλaλ	N;PL;PSS3S;NOM	TRUE
jɛrt	jɛrt	N;NOM;SG	TRUE
jɛrt	jɛrta	N;DAT;SG	TRUE
jɛrt	jɛrten	N;PSS2S;SG;NOM	TRUE
jɛrt	jɛrtən	N;LOC;SG	TRUE
jɛrtti	jɛrtəs	V;PST;ARGNO3;ARGNOS	TRUE
jɛrt	jɛrtəλ	N;PSS3S;NOM;SG	TRUE
jɛrt	jɛrtɛm	N;PSS1S;SG;NOM	TRUE
jɛrtti	jɛrtti	V.PTCP;PRS	TRUE
jɛrtti	jɛrtλən	V;PRS;ARGNO2;ARGNOS	TRUE
jɛrt	jɛrλ	N;PSS3S;NOM;SG	TRUE
jɛrtti	jɛrλajət	V;PRS;PASS;ARGNO3;ARGNOP	TRUE
jɛša	jɛša	ADV	TRUE
jɛšawɵλ	jɛšawɵλ	ADV	TRUE
jina	jina	ADV	TRUE
jintəp	jintəp	N;NOM;SG	TRUE
jintəp	jintəpen	N;PSS2S;NOM;SG	TRUE
jintəp	jintəpən	N;LOC;SG	TRUE
jintəp	jintəpəλ	N;PSS3S;NOM;SG	TRUE
jintəp	jintəpλan	N;PL;PSS2S;NOM	TRUE
jintəp	jintəpλaλ	N;PL;PSS3S;NOM	TRUE
jintəp	jintəpλaλa	N;PL;PSS3S;DAT	TRUE
jintəti	jintəsλe	V;PST;ARGNO3;ARGNOS;ARGAC	TRUE
jiŋk	jiŋk	N;NOM;SG	TRUE
jiŋk	jiŋka	N;DAT;SG	TRUE
jiŋk	jiŋken	N;PSS2S;NOM;SG	TRUE
jiŋk	jiŋkən	N;LOC;SG	TRUE
jiŋkəŋ	jiŋkəŋ	ADJ	TRUE
jiŋkəŋ	jiŋkəŋ	ADJ	TRUE
jiŋk	jiŋkət	N;PL;NOM	TRUE
jiŋk	jiŋkəλ	N;PSS3S;NOM;SG	TRUE
jiŋk	jiŋkɛm	N;PSS1S;NOM;SG	TRUE
jiŋk	jiŋkɛmən	N;PSS1D;NOM;SG	TRUE
jiŋki	jiŋki	ADJ	TRUE
jiŋkwoj	jiŋkwoj	N;NOM;SG	TRUE
jiŋkwɵrt	jiŋkwɵrt	N;NOM;SG	TRUE
jiŋkwɵrt	jiŋkwɵrta	N;DAT;SG	TRUE
jiŋkwɵrt	jiŋkwɵrtət	N;PL;NOM	TRUE
jiŋkχʉλ	jiŋkχʉλ	N;NOM;SG	TRUE
jiŋk	jiŋn	N;LOC;SG	TRUE
jir	jir	N;NOM;SG	TRUE
jir	jira	N;DAT;SG	TRUE
jira	jira	ADV	TRUE
jirašək	jirašək	ADV	TRUE
jirti	jire	V;IMP;ARGNOS;ARGACS;ARGNO2	TRUE
jirəmti	jirəməs	V;PST;ARGNO3;ARGNOS	TRUE
jirəmti	jirəmmeλ	V;PST;INFER;ARGNO3;ARGNOP	TRUE
jirəmti	jirəmsəλe	V;PST;ARGNO3;ARGNOS;ARGAC	TRUE
jir	jirən	N;LOC;SG	TRUE
jirən	jirənšək	ADV;COMP	TRUE
jirti	jirəs	V;PST;ARGNO3;ARGNOS	TRUE
jirti	jirəλəm	V;PRS;ARGNO1;ARGNOS	TRUE
jirijəλti	jirijəλe	V;IMP;ARGNOS;ARGACS;ARGNO2	TRUE
jirti	jirman	V.CVB	TRUE
jirti	jirsa	V;PST;PASS;ARGNO3;ARGNOS	TRUE
jirsaλəti	jirsaλəsλe	V;PST;ARGNO3;ARGNOS;ARGAC	TRUE
jirti	jirsəλλe	V;PST;ARGNO3;ARGNOS;ARGAC	TRUE
jirti	jirti	V.PTCP;PRS	TRUE
jirti	jirλeλ	V;PRS;ARGNO3;ARGNOP;ARGACS	TRUE
jirti	jirλən	V;PRS;ARGNO2;ARGNOS	TRUE
jis	jis	ADJ	TRUE
jis	jis	N;NOM;SG	TRUE
jiti	jis	V;PST;ARGNO3;ARGNOS	TRUE
jis	jisa	N;DAT;SG	TRUE
jis	jisen	N;PSS2S;NOM;SG	TRUE
jiti	jisen	V;PST;ARGNO2;ARGNOS;ARGACS	TRUE
jis	jisən	N;LOC;SG	TRUE
jiti	jisəm	V;PST;ARGNO1;ARGNOS	TRUE
jisən	jisən	ADV	TRUE
jiti	jisən	V;PST;ARGNO2;ARGNOS	TRUE
jis	jisəŋ	ADJ	TRUE
jiti	jisəŋən	V;PST;ARGNO3;ARGNOD	TRUE
jis	jisət	N;PL;NOM	TRUE
jiti	jisət	V;PST;ARGNO3;ARGNOP	TRUE
jiti	jismən	V;PST;ARGNO1;ARGNOD	TRUE
jis	jisn	N;LOC;SG	TRUE
jiti	jisŋən	V;PST;ARGNO3;ARGNOD	TRUE
jiti	jist	V;PST;ARGNO3;ARGNOP	TRUE
jit	jit	N;NOM;SG	TRUE
jit	jita	N;DAT;SG	TRUE
jiti	jitaλ	V;PRS;INFER;ARGNO3;ARGNOS	TRUE
jit	jiten	N;SG;PSS2S;NOM	TRUE
jit	jitewn	N;SG;PSS1P;LOC	TRUE
jit	jiteλ	N;SG;PSS3P;NOM	TRUE
jit	jitən	N;LOC;SG	TRUE
jitəp	jitəp	ADJ	TRUE
jit	jitətn	N;PL;LOC	TRUE
jiti	jitəλən	V;PRS;ARGNO2;ARGNOS	TRUE
jiti	jiti	V.PTCP;PRS	TRUE
jitije	jitijen	N;SG;PSS2S;NOM	TRUE
jiw	jiw	N;NOM;SG	TRUE
jiwewi	jiwewen	N;PSS2S;NOM;SG	TRUE
jiwewi	jiwewew	N;PSS1P;NOM;SG	TRUE
jiwewi	jiweweλ	N;PSS3S;NOM;SG	TRUE
jiwewi	jiweweλna	N;PSS2P;DAT;PL	TRUE
jiwewi	jiwewi	N;NOM;SG	TRUE
jiwewi	jiwewija	N;DAT;SG	TRUE
jiwpuχ	jiwpuχ	N;NOM;SG	TRUE
jiwpuχ	jiwpuχa	N;DAT;SG	TRUE
jiwpuχ	jiwpuχəλ	N;PSS3S;NOM;SG	TRUE
jiwpuχ	jiwpuχɛm	N;PSS1S;NOM;SG	TRUE
jiwpuχije	jiwpuχije	N;NOM;SG	TRUE
jiwpuχije	jiwpuχijen	N;PSS2S;NOM;SG	TRUE
jiwpuχije	jiwpuχijewən	N;PSS1P;LOC;SG	TRUE
jiwpuχlɛŋki	jiwpuχlɛŋki	N;NOM;SG	TRUE
jiwpuχ	jiwpuχλam	N;PL;PSS1S;NOM	TRUE
jiwpuχ	jiwpuχλaλ	N;PL;PSS3S;NOM	TRUE
jiwλapăsλap	jiwλapăsλap	ADJ	TRUE
jiwλəŋ	jiwλəŋɛm	N;PSS1S;NOM;SG	TRUE
jiwλi	jiwλi	ADJ	TRUE
jiti	jiλ	V;PRS;ARGNO3;ARGNOS	TRUE
jiti	jiλəm	V;PRS;ARGNO1;ARGNOS	TRUE
jiti	jiλən	V;PRS;ARGNO2;ARGNOS	TRUE
jiλəp	jiλəp	ADJ	TRUE
jiλəp	jiλəp	ADJ	TRUE
jiti	jiλət	V;PRS;ARGNO3;ARGNOP	TRUE
jiλpa	jiλpa	ADV	TRUE
jiλpaλəti	jiλpaλəλət	V;PRS;ARGNO3;ARGNOP	TRUE
jontti	jontəm	V.PTCP;PST	TRUE
jontəsti	jontəsλət	V;PRS;ARGNO3;ARGNOP	TRUE
jontəsλʉj	jontəsλʉjλ	N;PSS3S;NOM;SG	TRUE
jontti	jontəλən	V;PRS;ARGNO2;ARGNOS	TRUE
jontijəλti	jontijəλsət	V;PST;ARGNO3;ARGNOP	TRUE
jontti	jontman	V.CVB	TRUE
jontti	jontsa	V;PST;PASS;ARGNO3;ARGNOS	TRUE
jontti	jontsət	V;PST;ARGNO3;ARGNOP	TRUE
jontti	jontsəλλe	V;PST;ARGNO3;ARGNOS;ARGAC	TRUE
jontti	jontti	V.PTCP;PRS	TRUE
jontti	jontλa	V;PRS;PASS;ARGNO3;ARGNOS	TRUE
jontti	jontλajət	V;PRS;PASS;ARGNO3;ARGNOP	TRUE
jontti	jontλət	V;PRS;ARGNO3;ARGNOP	TRUE
još	još	N;NOM;SG	TRUE
još	joša	N;DAT;SG	TRUE
jošapawətti	jošapawətsa	V;PST;PASS;ARGNO3;ARGNOS	TRUE
jošawʉti	jošawʉti	V.PTCP;PRS	TRUE
još	jošen	N;PSS2S;NOM;SG	TRUE
još	jošew	N;PSS1P;NOM;SG	TRUE
još	jošən	N;LOC;SG	TRUE
još	jošəna	N;PSS2D;DAT;SG	TRUE
jošəŋ	jošəŋ	ADJ	TRUE
jošəp	jošəp	ADJ	TRUE
još	jošəλ	N;PSS3S;NOM;SG	TRUE
još	jošəλa	N;PSS3S;DAT;SG	TRUE
još	jošəλən	N;PSS2P;NOM;PL	TRUE
još	jošɛm	N;PSS1S;NOM;SG	TRUE
jošije	jošijen	N;PSS2S;NOM;SG	TRUE
još	jošn	N;LOC;SG	TRUE
još	jošŋəλ	N;PSS3S;DU;NOM	TRUE
još	jošŋəλ	N;PSS3S;DU;NOM	TRUE
josti	jossajət	V;PST;PASS;ARGNO3;ARGNOP	TRUE
još	jošλaλ	N;PL;PSS3P;NOM	TRUE
još	jošλən	N;PL;PSS{2/3}D;NOM	TRUE
jowəλməti	jowəλməti	V.PTCP;PRS	TRUE
jowəλti	jowəλsew	V;PST;ARGNO1;ARGNOP;ARGACS	TRUE
jowəλti	jowəλsəλe	V;PST;ARGNO3;ARGNOS;ARGAC	TRUE
jowəλsɵp	jowəλsɵpŋən	N;DU;NOM	TRUE
jowəλti	jowλəs	V;PST;ARGNO3;ARGNOS	TRUE
joχ	joχ	N;NOM;SG	TRUE
joχart	joχart	N;NOM;SG	TRUE
joχart	joχarta	N;DAT;SG	TRUE
joχartəp	joχartəp	ADJ	TRUE
joχəm	joχəm	N;NOM;SG	TRUE
joχəm	joχəma	N;DAT;SG	TRUE
joχəm	joχəmən	N;LOC;SG	TRUE
joχəm	joχəmλam	N;PL;PSS1S;NOM	TRUE
joχ	joχən	N;LOC;SG	TRUE
joχ	joχəλ	N;PSS3S;NOM;SG	TRUE
joχ	joχλam	N;PL;PSS1S;NOM	TRUE
joχ	joχλan	N;PL;PSS2S;NOM	TRUE
joχ	joχλaw	N;PL;PSS1P;NOM	TRUE
joχ	joχλaλ	N;PL;PSS3P;NOM	TRUE
joχ	joχλaλ	N;PL;PSS3S;NOM	TRUE
joχ	joχλaλa	N;PL;PSS3S;DAT	TRUE
joχ	joχλaλən	N;PL;PSS3S;LOC	TRUE
joχ	joχλaλən	N;PL;PSS3P;LOC	TRUE
jɵm	jɵm	N;NOM;SG	TRUE
jɵmjʉχ	jɵmjʉχ	N;NOM;SG	TRUE
jɵr	jɵr	ADJ	TRUE
jɵr	jɵr	N;NOM;SG	TRUE
jɵra	jɵra	ADV	TRUE
jɵr	jɵra	N;DAT;SG	TRUE
jɵram	jɵram	N;NOM;SG	TRUE
jɵra	jɵrašək	ADV;COMP	TRUE
jɵr	jɵren	N;PSS2S;NOM;SG	TRUE
jɵr	jɵreλ	N;PSS3P;NOM;SG	TRUE
jɵr	jɵrən	N;LOC;SG	TRUE
jɵrəŋ	jɵrəŋ	ADJ	TRUE
jɵrəŋa	jɵrəŋa	ADV	TRUE
jɵr	jɵrət	N;NOM;PL	TRUE
jɵr	jɵrəλ	N;PSS3S;NOM;SG	TRUE
jɵr	jɵrɛm	N;PSS1S;NOM;SG	TRUE
jɵrije	jɵrije	N;NOM;SG	TRUE
jɵr	jɵrn	N;LOC;SG	TRUE
jɵr	jɵrŋən	N;NOM;DU	TRUE
jɵr	jɵršək	ADJ;COMP	TRUE
jɵr	jɵrλamən	N;PL;PSS1D;NOM	TRUE
jɵr	jɵrλaλ	N;PL;PSS3S;NOM	TRUE
jɵš	jɵš	N;NOM;SG	TRUE
jɵś	jɵśa	N;DAT;SG	TRUE
jɵš	jɵšena	N;PSS2S;DAT;SG	TRUE
jɵš	jɵšew	N;PSS1P;NOM;SG	TRUE
jɵš	jɵšeλ	N;PSS3P;NOM;SG	TRUE
jɵš	jɵšən	N;LOC;SG	TRUE
jɵš	jɵšət	N;PL;NOM	TRUE
jɵš	jɵšətən	N;PL;LOC	TRUE
jɵš	jɵšəλ	N;PSS3S;NOM;SG	TRUE
jɵš	jɵšəλa	N;PSS3S;DAT;SG	TRUE
jɵš	jɵšɛm	N;PSS1S;NOM;SG	TRUE
jɵśtəti	jɵśtəman	V.CVB	TRUE
jɵχət	jɵχət	ADV	TRUE
jɵχət	jɵχət	ADJ	TRUE
jɵχət	jɵχətšək	ADV;COMP	TRUE
jɵχəλ	jɵχəλ	N;NOM;SG	TRUE
jɵχəλ	jɵχəλən	N;LOC;SG	TRUE
jɵχəλ	jɵχəλλaλ	N;PL;PSS3S;NOM	TRUE
jɵχəλ	jɵχλət	N;PL;NOM	TRUE
jɵχəλ	jɵχλəλ	N;PSS3S;NOM;SG	TRUE
jɵχəλ	jɵχλɛm	N;PSS1S;NOM;SG	TRUE
junt	junt	N;NOM;SG	TRUE
juntti	junta	N;DAT;SG	TRUE
junt	junten	N;PSS2S;NOM;SG	TRUE
junt	junteλ	N;PSS3P;NOM;SG	TRUE
juntti	juntəm	V.PTCP;PST	TRUE
junt	juntən	N;LOC;SG	TRUE
junt	juntət	N;PL;NOM	TRUE
junt	juntətən	N;PL;LOC	TRUE
juntti	juntəλ	V;PRS;ARGNO3;ARGNOS	TRUE
juntti	juntəλən	V;PRS;ARGNO2;ARGNOS	TRUE
juntijəλti	juntijλət	V;PRS;ARGNO3;ARGNOP	TRUE
juntti	juntman	V.CVB	TRUE
juntti	juntsa	V;PST;PASS;ARGNO3;ARGNOS	TRUE
juntti	juntsəm	V;PST;ARGNO1;ARGNOS	TRUE
juntti	juntsəmn	V;PST;ARGNO1;ARGNOD	TRUE
juntti	juntsət	V;PST;ARGNO3;ARGNOP	TRUE
juntti	juntti	V.PTCP;PRS	TRUE
juntut	juntut	N;NOM;SG	TRUE
juntut	juntutən	N;LOC;SG	TRUE
juntut	juntutɛm	N;PSS1S;NOM;SG	TRUE
juntutije	juntutije	N;NOM;SG	TRUE
juntut	juntutλam	N;PL;PSS1S;NOM	TRUE
juntti	juntλəm	V;PRS;ARGNO1;ARGNOS	TRUE
juntti	juntλət	V;PRS;ARGNO3;ARGNOP	TRUE
juntti	juntλəw	V;PRS;ARGNO1;ARGNOP	TRUE
jurən	jurən	N;SG;NOM	TRUE
jurəŋ	jurəŋ	ADJ	TRUE
jurɛməti	jurɛməsti	V;PST;ARGNO2;ARGNOP	TRUE
jurɛməti	jurɛməsλaλ	V;PST;ARGNO3;ARGNOP;ARGAC{D/P}	TRUE
jurɛməti	jurɛməsλe	V;PST;ARGNO3;ARGNOS;ARGAC	TRUE
jurɛməti	jurɛməti	V.PTCP;PRS	TRUE
jurən	jurnət	N;PL;NOM	TRUE
jurən	jurnət	N;PL;NOM	TRUE
juwrəmtti	juwərməsijət	V;PST;PASS;ARGNO3;ARGNOP	TRUE
juwrəmtti	juwərməλλe	V;PRS;ARGNO3;ARGNOS;ARGAC	TRUE
juwərtti	juwərsəλλən	V;PST;ARGNO{2/3};ARGNOD;ARGAC{D/P}	TRUE
juwərtti	juwərtəλ	V;PRS;ARGNO3;ARGNOS	TRUE
juwərtijəλti	juwərtijəλti	V.PTCP;PRS	TRUE
juwərtti	juwərtsa	V;PST;PASS;ARGNO3;ARGNOS	TRUE
juwərtti	juwərtsajəm	V;PST;PASS;ARGNO1;ARGNOS	TRUE
juwərtti	juwərtsəλλe	V;PST;ARGNO3;ARGNOS;ARGAC	TRUE
juwərtti	juwərtti	V.PTCP;PRS	TRUE
juwərλəti	juwərλəman	V.CVB	TRUE
juwra	juwra	ADJ	TRUE
juwraja	juwraja	ADV	TRUE
juwraja	juwrajašək	ADV;COMP	TRUE
juwrəmtti	juwrəmtti	V.PTCP;PRS	TRUE
juλ	juλ	N;NOM;SG	TRUE
juλən	juλən	ADV	TRUE
juλ	juλn	N;LOC;SG	TRUE
juλən	juλn	ADV	TRUE
juλta	juλta	ADV	TRUE
juχan	juχan	N;NOM;SG	TRUE
juχan	juχana	N;DAT;SG	TRUE
juχan	juχanew	N;PSS1P;NOM;SG	TRUE
juχan	juχanən	N;LOC;SG	TRUE
juχanəŋ	juχanəŋ	ADJ	TRUE
juχan	juχanət	N;PL;NOM	TRUE
juχan	juχanəλ	N;PSS3S;NOM;SG	TRUE
juχan	juχant	N;PL;NOM	TRUE
juχəl	juχəl	N;NOM;SG	TRUE
juχətti	juχətəs	V;PST;ARGNO3;ARGNOS	TRUE
juχətti	juχətəλ	V;PRS;ARGNO3;ARGNOS	TRUE
juχətti	juχətəλ	V;PRS;ARGNO3;ARGNOS	TRUE
juχətti	juχətmanən	V;PST;ARGNO{2/3};ARGNOD;TAXIS	TRUE
juχətti	juχətmaλ	V;PST;INFER;ARGNO3;ARGNOS	TRUE
juχətti	juχətmaλən	V;PST;ARGNO3;ARGNOS;TAXIS	TRUE
juχətti	juχətmenən	V;PST;ARGNO2;ARGNOS;TAXIS	TRUE
juχətti	juχətmewn	V;PST;ARGNO1;ARGNOP;TAXIS	TRUE
juχətti	juχətmeλ	V;PST;INFER;ARGNO3;ARGNOP	TRUE
juχətti	juχətmɛmən	V;PST;INFER;ARGNO1;ARGNOD	TRUE
juχətti	juχətmɛmən	V;PST;ARGNO1;ARGNOS;TAXIS	TRUE
juχətti	juχətmɛmn	V;PST;ARGNO1;ARGNOS;TAXIS	TRUE
juχətti	juχətsa	V;PST;PASS;ARGNO3;ARGNOS	TRUE
juχətti	juχətsajəm	V;PST;PASS;ARGNO1;ARGNOS	TRUE
juχətti	juχətsajət	V;PST;PASS;ARGNO3;ARGNOP	TRUE
juχətti	juχətsajəw	V;PST;PASS;ARGNO1;ARGNOP	TRUE
juχətti	juχətsajŋən	V;PST;PASS;ARGNO3;ARGNOD	TRUE
juχətti	juχətsaŋən	V;PST;PASS;ARGNO3;ARGNOD	TRUE
juχətti	juχətsəm	V;PST;ARGNO1;ARGNOS	TRUE
juχətti	juχətsəmən	V;PST;ARGNO1;ARGNOD	TRUE
juχətti	juχətsəmn	V;PST;ARGNO1;ARGNOD	TRUE
juχətti	juχətsən	V;PST;ARGNO2;ARGNOS	TRUE
juχətti	juχətsən	V;PST;ARGNO2;ARGNOS	TRUE
juχətti	juχətsəŋən	V;PST;ARGNO3;ARGNOD	TRUE
juχətti	juχətsəŋən	V;PST;ARGNO3;ARGNOD	TRUE
juχətti	juχətsət	V;PST;ARGNO3;ARGNOP	TRUE
juχətti	juχətsət	V;PST;ARGNO3;ARGNOP	TRUE
juχətti	juχətsəw	V;PST;ARGNO1;ARGNOP	TRUE
juχətti	juχətsəw	V;PST;ARGNO1;ARGNOP	TRUE
juχətti	juχətsəλλe	V;PST;ARGNO3;ARGNOS;ARGAC	TRUE
juχətti	juχəttaλ	V;PRS;INFER;ARGNO3;ARGNOS	TRUE
juχətti	juχəttaλən	V;PRS;ARGNO3;ARGNOS;TAXIS	TRUE
juχətti	juχəttaλən	V;PRS;ARGNO3;ARGNOS;TAXIS	TRUE
juχətti	juχətten	V;PRS;INFER;ARGNO2;ARGNOS	TRUE
juχətti	juχətteλ	V;PRS;INFER;ARGNO3;ARGNOP	TRUE
juχətti	juχəttɛm	V;PRS;INFER;ARGNO1;ARGNOS	TRUE
juχətti	juχəttɛmən	V;PRS;INFER;ARGNO1;ARGNOD	TRUE
juχətti	juχətti	V.PTCP;PRS	TRUE
juχətti	juχətλ	V;PRS;ARGNO3;ARGNOS	TRUE
juχətti	juχətλ	V;PRS;ARGNO3;ARGNOS	TRUE
juχətti	juχətλa	V;PRS;PASS;ARGNO3;ARGNOS	TRUE
juχətti	juχətλajti	V;PRS;PASS;ARGNO2;ARGNOP	TRUE
juχətti	juχətλaŋən	V;PRS;PASS;ARGNO3;ARGNOD	TRUE
juχətti	juχətλəmən	V;PRS;ARGNO1;ARGNOD	TRUE
juχətti	juχətλən	V;PRS;ARGNO2;ARGNOS	TRUE
juχətti	juχətλəŋən	V;PRS;ARGNO3;ARGNOD	TRUE
juχətti	juχətλət	V;PRS;ARGNO3;ARGNOP	TRUE
juχətti	juχətλət	V;PRS;ARGNO3;ARGNOP	TRUE
juχətti	juχətλəw	V;PRS;ARGNO1;ARGNOP	TRUE
juχətti	juχətλəw	V;PRS;ARGNO1;ARGNOP	TRUE
juχi	juχi	ADV	TRUE
juχtantti	juχtantəs	V;PST;ARGNO3;ARGNOS	TRUE
juχtantti	juχtantλ	V;PRS;ARGNO3;ARGNOS	TRUE
juχtantti	juχtati	V;IMP;ARGNO2;ARGNOP	TRUE
juχətti	juχtəm	V.PTCP;PST	TRUE
juχtəmtti	juχtəmsa	V;PST;PASS;ARGNO3;ARGNOS	TRUE
juχtəmtti	juχtəmtəs	V;PST;ARGNO3;ARGNOS	TRUE
juχtəmtti	juχtəmtəλ	V;PRS;ARGNO3;ARGNOS	TRUE
juχtəmtijəλti	juχtəmtijλsət	V;PST;ARGNO3;ARGNOP	TRUE
juχtəmtijəλti	juχtəptijλəs	V;PST;ARGNO3;ARGNOS	TRUE
juχətti	juχtəs	V;PST;ARGNO3;ARGNOS	TRUE
juχətti	juχtəsti	V;PST;ARGNO2;ARGNOP	TRUE
juχətti	juχtəλ	V;PRS;ARGNO3;ARGNOS	TRUE
juχətti	juχtəλəm	V;PRS;ARGNO1;ARGNOS	TRUE
juχətti	juχtəλən	V;PRS;ARGNO2;ARGNOS	TRUE
juχətti	juχti	V.PTCP;PRS	TRUE
juχtijəλti	juχtijəλəs	V;PST;ARGNO3;ARGNOS	TRUE
juχtijəλti	juχtijəλsəm	V;PST;ARGNO1;ARGNOS	TRUE
juχtijəλti	juχtijəλsəm	V;PST;ARGNO1;ARGNOS	TRUE
juχtijəλti	juχtijəλsət	V;PST;ARGNO3;ARGNOP	TRUE
juχtijəλti	juχtijəλti	V.PTCP;PRS	TRUE
juχtijəλti	juχtijəλλəŋən	V;PRS;ARGNO3;ARGNOD	TRUE
juχtijəλti	juχtijλ	V;PRS;ARGNO3;ARGNOS	TRUE
juχtijəλti	juχtijλəm	V.PTCP;PST	TRUE
juχtijəλti	juχtijλən	V;PRS;ARGNO2;ARGNOS	TRUE
juχtijəλti	juχtijλəs	V;PST;ARGNO3;ARGNOS	TRUE
juχtijəλti	juχtijλsət	V;PST;ARGNO3;ARGNOP	TRUE
juχtijəλti	juχtijλsəw	V;PST;ARGNO1;ARGNOP	TRUE
juχtijəλti	juχtijλtewn	V;PRS;ARGNO1;ARGNOP;TAXIS	TRUE
juχtijəλti	juχtijλti	V.PTCP;PRS	TRUE
juχtijəλti	juχtijλλət	V;PRS;ARGNO3;ARGNOP	TRUE
juχətti	juχtsəm	V;PST;ARGNO1;ARGNOS	TRUE
juχətti	juχtsəmən	V;PST;ARGNO1;ARGNOD	TRUE
juχətti	juχtλəw	V;PRS;ARGNO1;ARGNOP	TRUE
juχλi	juχλi	ADV	TRUE
juχλi	juχλi	ADV	TRUE
jʉkan	jʉkan	ADJ	TRUE
jʉkana	jʉkana	ADV	TRUE
jʉkana	jʉkana	ADP	TRUE
jʉkantti	jʉkansa	V;PST;PASS;ARGNO3;ARGNOS	TRUE
jʉkantti	jʉkantəm	V.PTCP;PST	TRUE
jʉkantti	jʉkantλew	V;PRS;ARGNO1;ARGNOP;ARGACS	TRUE
jʉkantti	jʉkanλajəm	V;PRS;PASS;ARGNO1;ARGNOS	TRUE
jʉŋkəλ	jʉŋkəλ	N;NOM;SG	TRUE
jʉpijən	jʉpijən	ADP	TRUE
jiti	jʉwa	V;IMP;ARGNOS;ARGNO2	TRUE
jʉwan	jʉwan	N;NOM;SG	TRUE
jiti	jʉwəm	V.PTCP;PST	TRUE
jiti	jʉwəman	V;PST;INFER;ARGNO2;ARGNOP	TRUE
jʉwəntti	jʉwəntəs	V;PST;ARGNO3;ARGNOS	TRUE
jʉwəntti	jʉwəntəλ	V;PRS;ARGNO3;ARGNOS	TRUE
jʉwəntti	jʉwəntλ	V;PRS;ARGNO3;ARGNOS	TRUE
jʉwəntti	jʉwəntλən	V;PRS;ARGNO2;ARGNOS	TRUE
jʉwəntti	jʉwəntλət	V;PRS;ARGNO3;ARGNOP	TRUE
jʉwətti	jʉwətəλ	V;PRS;ARGNO3;ARGNOS	TRUE
jʉwətti	jʉwətsa	V;PST;PASS;ARGNO3;ARGNOS	TRUE
jʉwətti	jʉwətsəλλe	V;PST;ARGNO3;ARGNOS;ARGAC	TRUE
jʉwətti	jʉwətλ	V;PRS;ARGNO3;ARGNOS	TRUE
jʉwətti	jʉwətλew	V;PRS;ARGNO1;ARGNOP;ARGACS	TRUE
jʉwətti	jʉwətλət	V;PRS;ARGNO3;ARGNOP	TRUE
jʉwətti	jʉwətλəλλe	V;PRS;ARGNO3;ARGNOS;ARGAC	TRUE
jʉwətti	jʉwətλɛm	V;PRS;ARGNO1;ARGNOS;ARGACS	TRUE
jʉwɛməti	jʉwɛməs	V;PST;ARGNO3;ARGNOS	TRUE
jʉwɛməti	jʉwɛməλ	V;PRS;ARGNO3;ARGNOS	TRUE
jʉwɛməti	jʉwɛməλən	V;PRS;ARGNO2;ARGNOS	TRUE
jiti	jʉwman	V.CVB	TRUE
jiti	jʉwman	V;PST;INFER;ARGNO{2/3};ARGNOD	TRUE
jiti	jʉwmaλ	V;PST;INFER;ARGNO3;ARGNOS	TRUE
jiti	jʉwmaλən	V;PST;ARGNO3;ARGNOS;TAXIS	TRUE
jiti	jʉwmewən	V;PST;ARGNO1;ARGNOP;TAXIS	TRUE
jiti	jʉwmeλ	V;PST;INFER;ARGNO3;ARGNOP	TRUE
jiti	jʉwmɛm	V;PST;INFER;ARGNO1;ARGNOS	TRUE
jiti	jʉwmɛmən	V;PST;ARGNO1;ARGNOS;TAXIS	TRUE
jiti	jʉwmɛmn	V;PST;ARGNO1;ARGNOS;TAXIS	TRUE
jʉwpi	jʉwpi	ADP	TRUE
jʉwrəλti	jʉwrəλsəm	V;PST;ARGNO1;ARGNOS	TRUE
jʉwətti	jʉwtəs	V;PST;ARGNO3;ARGNOS	TRUE
jʉwətti	jʉwtəseλ	V;PRS;ARGNO3;ARGNOS;ARGACS	TRUE
jʉwətti	jʉwtəλən	V;PRS;ARGNO2;ARGNOS	TRUE
jʉχ	jʉχ	N;NOM;SG	TRUE
jʉχ	jʉχa	N;DAT;SG	TRUE
jʉχ	jʉχeλ	N;PSS3P;NOM;SG	TRUE
jʉχ	jʉχən	N;LOC;SG	TRUE
jʉχəŋ	jʉχəŋ	ADJ	TRUE
jʉχ	jʉχət	N;PL;NOM	TRUE
jʉχ	jʉχətən	N;PL;LOC	TRUE
jʉχi	jʉχi	ADV	TRUE
juχtiλəti	jʉχtiλəs	V;PST;ARGNO3;ARGNOS	TRUE
jʉχwʉr	jʉχwʉr	N;NOM;SG	TRUE
jʉχ	jʉχλan	N;PL;PSS2S;NOM	TRUE
jʉχ	jʉχλaλ	N;PL;PSS3S;NOM	TRUE
jʉχ	jʉχλaλən	N;PL;PSS3P;LOC	TRUE
jʉχλi	jʉχλi	ADJ	TRUE
kԑša	kԑšeλa	ADP;PSS3S;DAT	TRUE
kaj	kaj	INTJ	TRUE
kăjojəŋ	kăjojəŋ	ADJ	TRUE
kal	kal	N;NOM;SG	TRUE
kal	kala	N;DAT;SG	TRUE
kal	kaləλ	N;PSS3S;NOM;SG	TRUE
kamən	kamən	ADV	TRUE
kaməλta	kaməλta	ADV	TRUE
kamən	kamn	ADV	TRUE
kămn	kămn	ADV	TRUE
kănaś	kănaś	N;NOM;SG	TRUE
kănaś	kănaśən	N;LOC;SG	TRUE
kăńikula	kăńikula	N;NOM;SG	TRUE
kanikula	kanikulaja	N;DAT;SG	TRUE
kanikula	kanikulajən	N;LOC;SG	TRUE
kănši	kănša	V;IMP;ARGNO2;ARGNOS	TRUE
kănšańśi	kănšańśəm	V.PTCP;PST	TRUE
kănši	kănšaλən	V;PRS;ARGNO3;ARGNOS;TAXIS	TRUE
kănši	kănše	V;IMP;ARGNOS;ARGACS;ARGNO2	TRUE
kănšəməti	kănšəməsijŋən	V;PST;PASS;ARGNO3;ARGNOD	TRUE
kanši	kanšəλ	V;PRS;ARGNO3;ARGNOS	TRUE
kanši	kănši	V.PTCP;PRS	TRUE
kănšijəλti	kănšijəλλəm	V;PRS;ARGNO1;ARGNOS	TRUE
kănši	kănšman	V.CVB	TRUE
kănši	kănšsa	V;PST;PASS;ARGNO3;ARGNOS	TRUE
kănši	kănšsət	V;PST;ARGNO3;ARGNOP	TRUE
kănši	kănšsəλλe	V;PST;ARGNO3;ARGNOS;ARGAC	TRUE
kănši	kănšsɛmən	V;PST;ARGNO1;ARGNOD;ARGACS	TRUE
kănši	kănšλa	V;PRS;PASS;ARGNO3;ARGNOS	TRUE
kănši	kănšλən	V;PRS;ARGNO2;ARGNOS	TRUE
kănši	kănλajəm	V;PRS;PASS;ARGNO1;ARGNOS	TRUE
kanši	kanλət	V;PRS;ARGNO3;ARGNOP	TRUE
kănši	kănλət	V;PRS;ARGNO3;ARGNOP	TRUE
kar	kar	N;NOM;SG	TRUE
kăr	kăr	N;NOM;SG	TRUE
kar	kara	N;DAT;SG	TRUE
karaλəti	karaλəsəm	V;PST;ARGNO1;ARGNOS	TRUE
kar	karən	N;LOC;SG	TRUE
karəŋ	karəŋ	ADJ	TRUE
kărəś	kărəś	ADJ	TRUE
kărəś	karəšən	N;LOC;SG	TRUE
kărətti	kărətman	V.CVB	TRUE
kărətti	kărətsa	V;PST;PASS;ARGNO3;ARGNOS	TRUE
karɛməti	karɛməs	V;PST;ARGNO3;ARGNOS	TRUE
karɛməti	karɛməλi	V;PRS;PASS;ARGNO3;ARGNOS	TRUE
karɛməti	karɛməλλe	V;PRS;ARGNO3;ARGNOS;ARGAC	TRUE
kări	kări	N;NOM;SG	TRUE
kariti	karijλ	V;PRS;ARGNO3;ARGNOS	TRUE
kărńəmtijəλti	kărńəmtijəλsa	V;PST;PASS;ARGNO3;ARGNOS	TRUE
kărśa	kărśa	ADV	TRUE
kărśat	kărśat	N;NOM;SG	TRUE
karteŋ	karteŋ	ADJ	TRUE
kărtəsti	kărtəsλeλ	V;PRS;ARGNO3;ARGNOP;ARGACS	TRUE
karti	karti	N;NOM;SG	TRUE
karti	kartija	N;DAT;SG	TRUE
kărtɵpka	kărtɵpka	N;NOM;SG	TRUE
kărλəti	kărλəsət	V;PST;ARGNO3;ARGNOP	TRUE
kaš	kaš	ADV	TRUE
kaš	kaš	N;NOM;SG	TRUE
kaś	kaśa	N;DAT;SG	TRUE
kaša	kaša	ADV	TRUE
kašaŋ	kašaŋ	ADJ	TRUE
kăšaŋa	kăšaŋa	ADV	TRUE
kašaśti	kašaśəs	V;PST;ARGNO3;ARGNOS	TRUE
kašaśti	kašaśsa	V;PST;PASS;ARGNO3;ARGNOS	TRUE
kašaśti	kašaśsəm	V;PST;ARGNO1;ARGNOS	TRUE
kašaśti	kašaśtaλən	V;PRS;INFER;ARGNO3;ARGNOS;TAXIS	TRUE
kăšas	kăšasλaλ	N;PL;PSS3S;NOM	TRUE
kašaśti	kăšaśλəm	V;PRS;ARGNO1;ARGNOS	TRUE
kašaśti	kăšaśλən	V;PRS;ARGNO2;ARGNOS	TRUE
kăši	kăšeλ	N;PSS3S;NOM;SG	TRUE
kasəm	kasəm	N;NOM;SG	TRUE
kasəm	kasəma	N;DAT;SG	TRUE
kasəm	kasəmən	N;LOC;SG	TRUE
kasəm	kasəmn	N;LOC;SG	TRUE
kašəŋ	kašəŋ	ADJ	TRUE
kăsti	kăsəpsətən	V;PST;ARGNO2;ARGNOD	TRUE
kăsti	kăsətsa	V;PST;PASS;ARGNO3;ARGNOS	TRUE
kaš	kašəλ	N;PSS3S;NOM;SG	TRUE
kasəλti	kasəλijəλəw	V;PRS;ARGNO1;ARGNOP	TRUE
kasəλti	kasəλsət	V;PST;ARGNO3;ARGNOP	TRUE
kasəλti	kăsəλλəman	V;PRS;ARGNO1;ARGNOD	TRUE
kăši	kăši	ADV	TRUE
kăši	kăši	N;NOM;SG	TRUE
kăši	kăšija	N;DAT;SG	TRUE
kăšti	kăšman	V.CVB	TRUE
kasəm	kasmew	N;PSS1P;NOM;SG	TRUE
kasəm	kasmewn	N;PSS1P;LOC;SG	TRUE
kăsti	kăssət	V;PST;ARGNO3;ARGNOP	TRUE
kăsti	kăssəw	V;PST;ARGNO1;ARGNOP	TRUE
kăsti	kăsti	V.PTCP;PRS	TRUE
kaš	kašλ	N;PSS3S;NOM;SG	TRUE
kăšti	kăšλ	V;PRS;ARGNO3;ARGNOS	TRUE
kăšti	kăšλəm	V;PRS;ARGNO1;ARGNOS	TRUE
kăsti	kăsλəmən	V;PRS;ARGNO1;ARGNOD	TRUE
kăšti	kăšλəmən	V;PRS;ARGNO1;ARGNOD	TRUE
kasλəptəti	kasλəptəti	V.PTCP;PRS	TRUE
kăšti	kăšλəw	V;PRS;ARGNO1;ARGNOP	TRUE
kăt	kăt	NUM	TRUE
kăt	kătən	N;LOC;SG	TRUE
katəλti	katəλ	V;PRS;ARGNO3;ARGNOS	TRUE
katəλti	kătəλəs	V;PST;ARGNO3;ARGNOS	TRUE
katəλti	katəλman	V.CVB	TRUE
katəλti	katəλsa	V;PST;PASS;ARGNO3;ARGNOS	TRUE
katəλti	katəλsajət	V;PST;PASS;ARGNO3;ARGNOP	TRUE
katəλti	katəλsajŋən	V;PST;PASS;ARGNO3;ARGNOD	TRUE
katəλti	katəλsaŋən	V;PST;ARGNO3;ARGNOD	TRUE
katəλti	katəλsət	V;PST;ARGNO3;ARGNOP	TRUE
katəλti	katəλsəw	V;PST;ARGNO1;ARGNOP	TRUE
katəλti	katəλsəλλe	V;PST;ARGNO3;ARGNOS;ARGAC	TRUE
katəλti	kătəλsɛm	V;PST;ARGNO1;ARGNOS	TRUE
katəλti	katəλtəm	V.PTCP;PST	TRUE
katəλti	katəλti	V.PTCP;PRS	TRUE
katəλti	kătəλλəmən	V;PRS;ARGNO1;ARGNOD	TRUE
katəλti	katəλλən	V;PRS;ARGNO2;ARGNOS	TRUE
katəλti	katəλλət	V;PRS;ARGNO3;ARGNOP	TRUE
katəλti	katəλλəλλe	V;PRS;ARGNO3;ARGNOS;ARGAC	TRUE
katəλti	katəλλɛm	V;PRS;ARGNO1;ARGNOS;ARGACS	TRUE
kătkəš	kătkəša	ADJ;DAT	TRUE
kătna	kătna	ADV	TRUE
kătnatʉχnɛməti	kătnatʉχnɛməs	V;PST;ARGNO3;ARGNOS	TRUE
kătŋən	kătŋən	NUM	TRUE
kăt	kătŋəλ	N;DU;NOM	TRUE
katra	katra	ADJ	TRUE
kătsər	kătsəršəka	ADJ;COMP;DAT	TRUE
kătwojət	kătwojət	ADV	TRUE
katəλti	katλaλən	V;IMP;ARGNO{D/P};ARGNO2;ARGAC	TRUE
katəλti	katλe	V;IMP;ARGNOS;ARGNO2;ARGACS	TRUE
katəλti	katλəmən	V;PRS;ARGNO1;ARGNOD	TRUE
katλəmti	katλəmsa	V;PST;PASS;ARGNO3;ARGNOS	TRUE
katλəmti	katλəmsəλλe	V;PST;ARGNO3;ARGNOS;ARGAC	TRUE
katλəmti	katλəmtəs	V;PST;ARGNO3;ARGNOS	TRUE
katλəmti	katλəmti	V.PTCP;PRS	TRUE
katəλti	katλsajəm	V;PST;PASS;ARGNO1;ARGNOS	TRUE
kătχʉśjaŋ	kătχʉśjaŋ	NUM	TRUE
kawərti	kawərəλ	V;PRS;ARGNO3;ARGNOS	TRUE
kawərti	kawərsa	V;PST;PASS;ARGNO3;ARGNOS	TRUE
kawərti	kawərsət	V;PST;ARGNO3;ARGNOP	TRUE
kawərti	kawərtəm	V.PTCP;PST	TRUE
kawərti	kawərtəs	V;PST;ARGNO3;ARGNOS	TRUE
kawərti	kawərtəsəw	V;PST;ARGNO1;ARGNOP	TRUE
kawərti	kawərti	V.PTCP;PRS	TRUE
kawərtijəλti	kawərtijəλsət	V;PST;ARGNO3;ARGNOP	TRUE
kawərti	kawərtsəw	V;PST;ARGNO1;ARGNOP	TRUE
kawərti	kawərtλen	V;PRS;ARGNO2;ARGNOS;ARGACS	TRUE
kawərti	kawərtλən	V;PRS;ARGNO2;ARGNOS	TRUE
kawərti	kăwərλa	V;PRS;PASS;ARGNO3;ARGNOS	TRUE
kawərti	kawərλən	V;PRS;ARGNO2;ARGNOS	TRUE
kăwərt	kăwərλət	V;PRS;ARGNO3;ARGNOP	TRUE
kawrəm	kawrəm	ADJ	TRUE
kăλti	kăλ	V;PRS;ARGNO3;ARGNOS	TRUE
kăλti	kăλəs	V;PST;ARGNO3;ARGNOS	TRUE
kăλi	kăλi	N;NOM;SG	TRUE
kăλi	kăλija	N;DAT;SG	TRUE
kăλti	kăλsaŋən	V;PST;ARGNO3;ARGNOD	TRUE
kăλti	kăλsət	V;PST;ARGNO3;ARGNOP	TRUE
kaλtəŋ	kaλtəŋa	N;DAT;SG	TRUE
kaλtəŋ	kaλtəŋəλa	N;PSS3S;DAT;SG	TRUE
kăλti	kăλti	V.PTCP;PRS	TRUE
kăλti	kăλλət	V;PRS;ARGNO3;ARGNOP	TRUE
keriti	kerijəs	V;PST;ARGNO3;ARGNOS	TRUE
keriti	kerijəs	V;PST;ARGNO3;ARGNOS	TRUE
keriti	kerijəλ	V;PRS;ARGNO3;ARGNOS	TRUE
keši	kešeλ	N;PSS3S;NOM;SG	TRUE
keši	kešəλən	N;PSS3S;LOC;SG	TRUE
keši	keši	ADP	TRUE
keši	keši	N;NOM;SG	TRUE
keši	kešijən	N;LOC;SG	TRUE
ketəmti	ketəməλ	V;PRS;ARGNO3;ARGNOS	TRUE
ketəmti	ketməs	V;PST;ARGNO3;ARGNOS	TRUE
kew	kew	N;NOM;SG	TRUE
kew	kewa	N;DAT;SG	TRUE
kewan	kewan	N;NOM;SG	TRUE
kew	kewən	N;LOC;SG	TRUE
kew	kewət	N;PL;NOM	TRUE
keλ	keλ	N;NOM;SG	TRUE
keλ	keλ	N;NOM;SG	TRUE
keλ	keλa	N;DAT;SG	TRUE
keλ	keλən	N;LOC;SG	TRUE
keλ	keλəλ	N;PSS3S;NOM;SG	TRUE
keλ	keλəλa	N;PSS3S;DAT;SG	TRUE
keλi	keλɛm	N;PSS1S;NOM;SG	TRUE
keλi	keλi	N;NOM;SG	TRUE
kɛm	kɛm	ADP	TRUE
kɛm	kɛm	N;NOM;SG	TRUE
kɛm	kɛma	N;DAT;SG	TRUE
kɛma	kɛma	ADP	TRUE
kɛm	kɛmən	N;LOC;SG	TRUE
kɛmən	kɛmən	ADV	TRUE
kɛmən	kɛmən	ADP	TRUE
kɛm	kɛmɛm	N;PSS1S;NOM;SG	TRUE
kɛn	kɛn	ADJ	TRUE
kɛn	kɛna	ADV	TRUE
kɛŋk	kɛŋka	ADJ;DAT	TRUE
kɛpa	kɛpa	PART	TRUE
kɛpəλ	kɛpəλ	ADJ	TRUE
kɛpəλ	kɛpəλλaλ	N;PL;PSS3S;NOM	TRUE
kɛpi	kɛpi	PART	TRUE
kɛpəλ	kɛpλijeλaλ	N;PL;PSS3S;NOM	TRUE
kɛr	kɛr	N;NOM;SG	TRUE
kɛrətti	kɛrətəλ	V;PRS;ARGNO3;ARGNOS	TRUE
kɛrətti	kɛrətti	V.PTCP;PRS	TRUE
kɛrətti	kɛrətλətaλ	V;PRS;INFER;ARGNO3;ARGNOS	TRUE
kɛrəλˊəti	kɛrəλˊəλət	V;PRS;ARGNO3;ARGNOP	TRUE
kɛrətti	kɛrtəm	V.PTCP;PST	TRUE
kɛrətti	kɛrtəs	V;PST;ARGNO3;ARGNOS	TRUE
kɛrətti	kɛrtijəλeλ	V;PRS;ARGNO3;ARGNOP;ARGACS	TRUE
kɛrλəti	kɛrλəm	V.PTCP;PST	TRUE
kɛrλəti	kɛrλəs	V;PST;ARGNO3;ARGNOS	TRUE
kɛrλəti	kɛrλəs	V;PST;ARGNO3;ARGNOS	TRUE
kɛrλəti	kɛrλəsət	V;PST;ARGNO3;ARGNOP	TRUE
kɛrλəti	kɛrλəsmən	V;PST;ARGNO1;ARGNOD	TRUE
kɛša	kɛša	ADP	TRUE
ki	ki	CONJ	TRUE
ki	ki	PART	TRUE
ki	kijən	CONJ	TRUE
kilomɛtra	kilomɛtra	N;NOM;SG	TRUE
kim	kim	ADV	TRUE
kimət	kimət	NUM	TRUE
kiməλ	kiməλ	N;NOM;SG	TRUE
kim	kiməλa	ADP;PSS3S;DAT	TRUE
kiməλ	kiməλa	N;DAT;SG	TRUE
kiməλ	kiməλən	N;LOC;SG	TRUE
kim	kiməλən	ADP;PSS3S;LOC	TRUE
kimɛtti	kimɛta	V;IMP;ARGNOS;ARGNO2	TRUE
kimɛtti	kimɛtəs	V;PST;ARGNO3;ARGNOS	TRUE
kimɛtti	kimɛtəλ	V;PRS;ARGNO3;ARGNOS	TRUE
kimɛtλˊəti	kimɛtλˊəλəm	V;PRS;ARGNO1;ARGNOS	TRUE
kimɛtti	kimɛtλət	V;PRS;ARGNO3;ARGNOP	TRUE
kimpija	kimpija	ADP	TRUE
kimpijən	kimpijən	ADP	TRUE
kimrakənti	kimraknəs	V;PST;ARGNO3;ARGNOS	TRUE
kimλən	kimλən	ADP	TRUE
kiməλ	kimλətən	N;PL;LOC	TRUE
kiməλ	kimλəλ	N;PSS3S;NOM;SG	TRUE
kimλi	kimλi	ADV	TRUE
kińśa	kińśa	ADP	TRUE
kińśa	kińśaλa	ADP;PSS3S;DAT	TRUE
kinška	kinškaja	N;DAT;SG	TRUE
kirəŋ	kirəŋ	ADJ	TRUE
kirti	kirəλ	V;PRS;ARGNO3;ARGNOS	TRUE
kirti	kirəλ	V;PRS;ARGNO3;ARGNOS	TRUE
kirti	kirman	V.CVB	TRUE
kirməś	kirməś	N;NOM;SG	TRUE
kirti	kirλa	V;PRS;PASS;ARGNO3;ARGNOS	TRUE
kirti	kirλajəm	V;PRS;PASS;ARGNO1;ARGNOS	TRUE
kirti	kirλət	V;PRS;ARGNO3;ARGNOP	TRUE
kirti	kirλəw	V;PST;ARGNO1;ARGNOP	TRUE
kišik	kišik	N;NOM;SG	TRUE
kitti	kitəm	V.PTCP;PST	TRUE
kitəntak	kitəntak	NUM	TRUE
kitti	kitəs	V;PST;ARGNO3;ARGNOS	TRUE
kitti	kitijəλsəw	V;PST;ARGNO1;ARGNOP	TRUE
kitti	kitsa	V;PST;PASS;ARGNO3;ARGNOS	TRUE
kitti	kitsajəm	V;PST;PASS;ARGNO1;ARGNOS	TRUE
kitti	kitsajəw	V;PST;PASS;ARGNO1;ARGNOP	TRUE
kitti	kitsew	V;PST;ARGNO1;ARGNOP;ARGACS	TRUE
kitti	kitseλ	V;PST;ARGNO3;ARGNOP;ARGACS	TRUE
kitti	kitsət	V;PST;ARGNO3;ARGNOP	TRUE
kitti	kitsəλe	V;PST;ARGNO3;ARGNOS;ARGAC	TRUE
kitti	kitsəλλe	V;PST;ARGNO3;ARGNOS	TRUE
kitti	kitλ	V;PRS;ARGNO3;ARGNOS	TRUE
kitti	kitλew	V;PRS;ARGNO1;ARGNOP;ARGACS	TRUE
kitti	kitλəmən	V;PRS;ARGNO1;ARGNOD	TRUE
kitti	kitλəλλe	V;PRS;ARGNO3;ARGNOS;ARGAC	TRUE
kitti	kitλɛm	V;PRS;ARGNO1;ARGNOS;ARGACS	TRUE
kiλti	kiλ	V;PRS;ARGNO3;ARGNOS	TRUE
kiλti	kiλa	V;PRS;PASS;ARGNO3;ARGNOS	TRUE
kiλi	kiλeλ	N;PSS3S;NOM;SG	TRUE
kiλi	kiλeλən	N;PSS3S;LOC;SG	TRUE
kiλti	kiλəs	V;PST;ARGNO3;ARGNOS	TRUE
kiλti	kiλsaŋən	V;PST;ARGNO3;ARGNOD	TRUE
kiλti	kiλsəw	V;PST;ARGNO1;ARGNOP	TRUE
kiλti	kiλti	V.PTCP;PRS	TRUE
kɵkkɵk	kɵkkɵk	N;NOM;SG	TRUE
kɵkkɵk	kɵkkɵka	N;DAT;SG	TRUE
kɵńar	kɵńar	ADJ	TRUE
kɵńar	kɵńar	N;NOM;SG	TRUE
kɵr	kɵr	N;NOM;SG	TRUE
kɵr	kɵra	N;DAT;SG	TRUE
kɵr	kɵren	N;PSS2S;NOM;SG	TRUE
kɵr	kɵrew	N;PSS1P;NOM;SG	TRUE
kɵr	kɵreλ	N;PSS3P;NOM;SG	TRUE
kɵr	kɵrəλ	N;PSS3S;NOM;SG	TRUE
kɵr	kɵrŋən	N;DU;NOM	TRUE
kɵrt	kɵrt	N;NOM;SG	TRUE
kɵrt	kɵrta	N;DAT;SG	TRUE
kɵrt	kɵrten	N;PSS2S;NOM;SG	TRUE
kɵrt	kɵrtena	N;PSS2S;DAT;SG	TRUE
kɵrt	kɵrtenən	N;PSS2S;LOC;SG	TRUE
kɵrt	kɵrtew	N;PSS1P;NOM;SG	TRUE
kɵrt	kɵrtewa	N;PSS1P;DAT;SG	TRUE
kɵrt	kɵrtewən	N;PSS1P;LOC;SG	TRUE
kɵrt	kɵrteλ	N;PSS3P;NOM;SG	TRUE
kɵrt	kɵrteλa	N;PSS3P;DAT;SG	TRUE
kɵrt	kɵrteλən	N;PSS3P;LOC;SG	TRUE
kɵrt	kɵrtən	N;LOC;SG	TRUE
kɵrtəŋ	kɵrtəŋ	ADJ	TRUE
kɵrt	kɵrtət	N;PL;NOM	TRUE
kɵrt	kɵrtətən	N;PL;LOC	TRUE
kɵrt	kɵrtəλ	N;PSS3S;NOM;SG	TRUE
kɵrt	kɵrtəλa	N;PSS3S;DAT;SG	TRUE
kɵrt	kɵrtəλən	N;PSS3S;LOC;SG	TRUE
kɵrt	kɵrtɛm	N;PSS1S;NOM;SG	TRUE
kɵrt	kɵrtɛma	N;PSS1S;DAT;SG	TRUE
kɵrt	kɵrtɛmən	N;PSS1S;LOC;SG	TRUE
kɵrt	kɵrtɛməna	N;PSS1D;DAT;SG	TRUE
kɵśa	kɵśa	N;NOM;SG	TRUE
kɵśa	kɵśaja	N;DAT;SG	TRUE
kɵśa	kɵśajen	N;PSS2S;NOM;SG	TRUE
kɵśa	kɵśajenən	N;PSS2S;LOC;SG	TRUE
kɵśa	kɵśajəλ	N;PSS3S;NOM;SG	TRUE
kɵśa	kɵśajɛm	N;PSS1S;NOM;SG	TRUE
kɵśa	kɵśajɛmn	N;PSS1S;LOC;SG	TRUE
kɵśa	kɵśajλən	N;PL;LOC	TRUE
kɵs	kɵseλ	N;PSS3P;NOM;SG	TRUE
kɵs	kɵsən	N;PSS{2/3}D;NOM;SG	TRUE
kɵsəŋ	kɵsəŋa	ADJ;DAT	TRUE
kʉkər	kʉkər	N;NOM;SG	TRUE
kʉkla	kʉkla	N;NOM;SG	TRUE
kʉkla	kʉklajen	N;PSS2S;NOM;SG	TRUE
kʉkla	kʉklajən	N;SG;LOC	TRUE
kʉkla	kʉklajəλ	N;PSS3S;NOM;SG	TRUE
kʉkla	kʉklajɛmən	N;PSS1D;NOM;SG	TRUE
kʉlaśti	kʉlaśλəŋən	V;PRS;ARGNO3;ARGNOD	TRUE
kʉləp	kʉləp	N;NOM;SG	TRUE
kʉnš	kʉnšət	N;PL;NOM	TRUE
kʉnšɛməti	kʉnšɛmaλi	V;IMP;ARGNO2;ARGNOS;ARGAC{D/P}	TRUE
kʉnšɛməti	kʉnšɛməmeλ	V;PST;INFER;ARGNO3;ARGNOS	TRUE
kʉnšɛməti	kʉnšɛməs	V;PST;ARGNO3;ARGNOS	TRUE
kʉnšɛməti	kʉnšɛməsəŋən	V;PST;ARGNO3;ARGNOD	TRUE
kʉnšɛməti	kʉnšɛməsi	V;PST;PASS;ARGNO3;ARGNOS	TRUE
kʉnšɛməti	kʉnšɛməsλe	V;PST;ARGNO3;ARGNOS;ARGAC	TRUE
kʉnšɛməti	kʉnšɛməti	V.PTCP;PRS	TRUE
kʉnšɛməti	kʉnšɛməλλe	V;PRS;ARGNO3;ARGNOS;ARGAC	TRUE
kʉnšɛmijəλti	kʉnšɛmijəλ	V;PRS;ARGNO3;ARGNOS	TRUE
kʉnšɛməti	kʉnšɛmsajəm	V;PST;PASS;ARGNO1;ARGNOS	TRUE
kʉnšpəŋ	kʉnšpəŋɛm	N;PSS1S;NOM;SG	TRUE
kʉnšpəŋjʉχ	kʉnšpəŋjʉχ	N;NOM;SG	TRUE
kʉnšpəŋjʉχ	kʉnšpəŋjʉχɛm	N;PSS1S;NOM;SG	TRUE
kʉnšti	kʉnšti	V.PTCP;PRS	TRUE
kʉr	kʉr	N;NOM;SG	TRUE
kʉr	kʉra	N;DAT;SG	TRUE
kʉrek	kʉrek	N;NOM;SG	TRUE
kʉrek	kʉrekən	N;LOC;SG	TRUE
kʉr	kʉren	N;PSS2S;NOM;SG	TRUE
kʉr	kʉrew	N;PSS1P;NOM;SG	TRUE
kʉrəm	kʉrəm	N;NOM;SG	TRUE
kʉrəm	kʉrəmən	N;LOC;SG	TRUE
kʉrəm	kʉrəmn	N;LOC;SG	TRUE
kʉr	kʉrən	N;LOC;SG	TRUE
kʉrəŋ	kʉrəŋ	ADJ	TRUE
kʉrəp	kʉrəp	ADJ	TRUE
kʉrtti	kʉrətsa	V;PST;PASS;ARGNO3;ARGNOS	TRUE
kʉr	kʉrəλ	N;PSS3S;NOM;SG	TRUE
kʉr	kʉrɛm	N;PSS1S;NOM;SG	TRUE
kʉrɛmti	kʉrɛməs	V;PST;ARGNO3;ARGNOS	TRUE
kʉrije	kʉrijen	N;PSS2S;NOM;SG	TRUE
kʉrije	kʉrijeλ	N;PSS3P;NOM;SG	TRUE
kʉrije	kʉrijeλam	N;PL;PSS1S;NOM	TRUE
kʉr	kʉrn	N;LOC;SG	TRUE
kʉr	kʉrŋəna	N;DU;DAT	TRUE
kʉr	kʉrŋəλ	N;PSS3S;DU;NOM	TRUE
kʉr	kʉrŋəλam	N;DU;PSS1S;NOM	TRUE
kʉr	kʉrŋəλanən	N;DU;PSS2S;LOC	TRUE
kʉrtti	kʉrsəλλe	V;PST;ARGNO3;ARGNOS;ARGAC	TRUE
kʉrtti	kʉrtəsət	V;PST;ARGNO3;ARGNOP	TRUE
kʉr	kʉrλam	N;PL;PSS1S;NOM	TRUE
kʉr	kʉrλaλ	N;PL;PSS3P;NOM	TRUE
kʉr	kʉrλən	N;PL;PSS{2/3}D;NOM	TRUE
kʉr	kʉrλən	N;PL;PSS2P;NOM	TRUE
kʉrλi	kʉrλi	ADJ	TRUE
kʉš	kʉš	CONJ	TRUE
kʉśar	kʉśar	N;NOM;SG	TRUE
kʉśar	kʉśaren	N;PSS2S;NOM;SG	TRUE
kʉśarleŋki	kʉśarleŋkɛm	N;PSS1S;NOM;SG	TRUE
kʉśarleŋki	kʉśarleŋki	N;NOM;SG	TRUE
kʉśarlɛ	kʉśarlɛ	N;NOM;SG	TRUE
kʉšəm	kʉšəm	N;NOM;SG	TRUE
kʉsi	kʉsi	N;NOM;SG	TRUE
kʉśma	kʉśma	N;NOM;SG	TRUE
kʉśti	kʉśman	V.CVB	TRUE
kʉšməλti	kʉšməλti	V.PTCP;PRS	TRUE
kʉšməλti	kʉšməλλajət	V;PRS;PASS;ARGNO3;ARGNOP	TRUE
kʉnšti	kʉšsəλən	V;PST;ARGNO2;ARGNO{D/P};ARGACS	TRUE
kʉt	kʉt	ADP	TRUE
kʉt	kʉt	N;NOM;SG	TRUE
kʉt	kʉta	ADP;DAT	TRUE
kʉt	kʉtən	ADP;LOC	TRUE
kʉt	kʉtən	N;PSS{2/3}D;NOM;SG	TRUE
kʉtəp	kʉtəp	ADJ	TRUE
kʉtəp	kʉtəp	N;NOM;SG	TRUE
kʉtəp	kʉtəpa	ADP	TRUE
kʉtəp	kʉtəpa	N;DAT;SG	TRUE
kʉtəp	kʉtəpən	N;LOC;SG	TRUE
kʉtərtti	kʉtərsa	V;PST;PASS;ARGNO3;ARGNOS	TRUE
kʉtərtti	kʉtərtaλən	V;IMP;ARGNO{D/P};ARGAC;ARGNO2	TRUE
kʉtərtti	kʉtərλa	V;PRS;PASS;ARGNO3;ARGNOS	TRUE
kʉt	kʉtɛm	N;PSS1S;NOM;SG	TRUE
kʉt	kʉtɛmən	N;PSS1S;LOC;SG	TRUE
kʉt	kʉtɛmənən	N;PSS1D;LOC;SG	TRUE
kʉtije	kʉtije	N;NOM;SG	TRUE
kʉt	kʉtn	ADP;LOC	TRUE
kʉtəp	kʉtpəλ	N;PSS3S;NOM;SG	TRUE
kʉtəp	kʉtpəλa	N;PSS3S;DAT;SG	TRUE
kʉtpije	kʉtpijenən	N;PSS2S;LOC;SG	TRUE
kʉtəri	kʉtret	N;PL;NOM	TRUE
kʉtλəp	kʉtλəpən	N;LOC;SG	TRUE
kʉtλəp	kʉtλəpəλ	N;PSS3S;NOM;SG	TRUE
kʉλ	kʉλ	ADJ	TRUE
kʉλˊ	kʉλˊ	N;NOM;SG	TRUE
kʉλˊ	kʉλˊa	N;DAT;SG	TRUE
kʉλˊ	kʉλˊət	N;PL;NOM	TRUE
kʉλˊlɛŋki	kʉλˊlɛŋki	N;NOM;SG	TRUE
kʉλˊ	kʉλˊŋən	N;NOM;DU	TRUE
kʉλa	kʉλa	ADV	TRUE
kʉλa	kʉλašək	ADV;COMP	TRUE
lak	lak	N;NOM;SG	TRUE
lak	laka	N;DAT;SG	TRUE
lakka	lakka	ADP	TRUE
laknɛməti	laknɛməs	V;PST;ARGNO3;ARGNOS	TRUE
lalɛməti	lalɛməs	V;PST;ARGNO3;ARGNOS	TRUE
lăńa	lăńa	ADV	TRUE
laŋkti	laŋkəm	V.PTCP;PST	TRUE
laŋkti	laŋkəλən	V;PRS;ARGNO2;ARGNOS	TRUE
laŋkti	laŋkλət	V;PRS;ARGNO3;ARGNOP	TRUE
lăp	lăp	ADV	TRUE
lăpəŋ	lăpəŋ	ADJ	TRUE
lăpjirti	lăpjirsəλλe	V;PST;ARGNO3;ARGNOS;ARGAC	TRUE
lăppɛntti	lappɛntəm	V.PTCP;PST	TRUE
lăpśošiti	lăpśošsa	V;PST;PASS;ARGNO3;ARGNOS	TRUE
lăpti	lăpteλ	N;PSS3S;NOM;SG	TRUE
lăptɵχərti	lăptɵχərsəλλe	V;PST;ARGNO3;ARGNOS;ARGAC	TRUE
lăpwʉti	lăpwʉsi	V;PST;PASS;ARGNO3;ARGNOS	TRUE
lăpχɵrλɛməti	lăpχɵrλɛməλən	V;PRS;ARGNO2;ARGNOS	TRUE
laś	laśa	N;DAT;SG	TRUE
lawɛməti	lawɛməsλe	V;PST;ARGNO3;ARGNOS;ARGAC	TRUE
leŋki	leŋkeλ	N;PSS3S;NOM;SG	TRUE
leŋki	leŋkeλən	N;PSS3S;LOC;SG	TRUE
leŋkər	leŋkər	N;NOM;SG	TRUE
lɛpək	lɛpək	N;NOM;SG	TRUE
lɛpək	lɛpəkt	N;PL;NOM	TRUE
lɛpək	lɛpkət	N;PL;NOM	TRUE
lipaś	lipaś	ADJ	TRUE
lipaś	lipaśa	ADV	TRUE
lipət	lipət	N;NOM;SG	TRUE
lipət	lipətλaλ	N;PL;PSS3S;NOM	TRUE
lipsiti	lipsiλən	V;PRS;ARGNO2;ARGNOS	TRUE
liptəŋ	liptəŋ	ADJ	TRUE
lipət	liptət	N;PL;NOM	TRUE
liptije	liptijet	N;PL;NOM	TRUE
lis	lis	N;NOM;SG	TRUE
loŋχɛməti	loŋχɛməm	V.PTCP;PST	TRUE
loŋχɛməti	loŋχɛməs	V;PST;ARGNO3;ARGNOS	TRUE
losətti	losətsəλλe	V;PST;ARGNO3;ARGNOS;ARGAC	TRUE
lot	lot	N;NOM;SG	TRUE
lot	lotən	N;LOC;SG	TRUE
lot	lotət	N;PL;NOM	TRUE
lot	lotəλ	N;PSS3S;NOM;SG	TRUE
lot	lotəλa	N;PSS3S;DAT;SG	TRUE
lot	lotɛma	N;PSS1S;DAT;SG	TRUE
lot	lotn	N;LOC;SG	TRUE
lottəti	lottəm	V.PTCP;PST	TRUE
lottəti	lottəsλən	V;PST;ARGNO{2/3};ARGNOD;ARGAC{D/P}	TRUE
lottəti	lottəλɛmən	V;PRS;ARGNO1;ARGNOD;ARGACS	TRUE
lɵńi	lɵńi	ADJ	TRUE
lupti	lupa	V;IMP;ARGNO2;ARGNOS	TRUE
lupti	lupaλən	V;IMP;ARGNO{D/P};ARGAC;ARGNO2	TRUE
lupti	lupəm	V.PTCP;PST	TRUE
lupti	lupəs	V;PST;ARGNO3;ARGNOS	TRUE
lupti	lupəλ	V;PRS;ARGNO3;ARGNOS	TRUE
lupti	lupəλəmən	V;PRS;ARGNO1;ARGNOD	TRUE
lupijəλti	lupijəλ	V;PRS;ARGNO3;ARGNOS	TRUE
lupijəλti	lupijəλteλ	V;PRS;INFER;ARGNO3;ARGNOP	TRUE
lupijəλti	lupijəλλəm	V;PRS;ARGNO1;ARGNOS	TRUE
lupijəλti	lupijəλλət	V;PRS;ARGNO3;ARGNOP	TRUE
lupijəλti	lupijλ	V;PRS;ARGNO3;ARGNOS	TRUE
lupijəλti	lupijλsa	V;PST;PASS;ARGNO3;ARGNOS	TRUE
lupijəλti	lupijλsa	V;PST;PASS;ARGNO3;ARGNOS	TRUE
lupijəλti	lupijλλa	V;PRS;PASS;ARGNO3;ARGNOS	TRUE
lupti	lupmaλ	V;PST;INFER;ARGNO3;ARGNOS	TRUE
lupti	lupsa	V;PST;PASS;ARGNO3;ARGNOS	TRUE
lupti	lupsajəŋən	V;PST;PASS;ARGNO3;ARGNOD	TRUE
lupti	lupsəm	V;PST;ARGNO1;ARGNOS	TRUE
lupti	lupsən	V;PST;ARGNO2;ARGNOS	TRUE
lupti	lupsət	V;PST;ARGNO3;ARGNOP	TRUE
lupti	lupsəw	V;PST;ARGNO1;ARGNOP	TRUE
lupti	luptan	V;PRS;INFER;ARGNO{2/3};ARGNOD	TRUE
lupti	luptaλ	V;PRS;INFER;ARGNO3;ARGNOS	TRUE
lupti	lupteλ	V;PRS;INFER;ARGNO3;ARGNOP	TRUE
lupti	lupti	V.PTCP;PRS	TRUE
lupti	lupλ	V;PRS;ARGNO3;ARGNOS	TRUE
lupti	lupλa	V;PRS;PASS;ARGNO3;ARGNOS	TRUE
lupti	lupλajəm	V;PRS;PASS;ARGNO1;ARGNOS	TRUE
lupti	lupλajət	V;PRS;PASS;ARGNO3;ARGNOP	TRUE
lupti	lupλaŋən	V;PRS;PASS;ARGNO3;ARGNOD	TRUE
lupti	lupλəm	V;PRS;ARGNO1;ARGNOS	TRUE
lupti	lupλən	V;PRS;ARGNO2;ARGNOS	TRUE
lupti	lupλəŋən	V;PRS;ARGNO3;ARGNOD	TRUE
lupti	lupλət	V;PRS;ARGNO3;ARGNOP	TRUE
lupti	lupλəw	V;PRS;ARGNO1;ARGNOP	TRUE
lupti	lupλəλλe	V;PRS;ARGNO3;ARGNOS;ARGAC	TRUE
lʉk	lʉk	N;NOM;SG	TRUE
lʉk	lʉka	N;DAT;SG	TRUE
lʉk	lʉken	N;PSS2S;NOM;SG	TRUE
lʉk	lʉkət	N;PL;NOM	TRUE
lʉk	lʉkəλ	N;PSS3S;NOM;SG	TRUE
lʉkɛməti	lʉkɛməsλe	V;PST;ARGNO3;ARGNOS;ARGAC	TRUE
lʉkleŋki	lʉkleŋken	N;PSS2S;NOM;SG	TRUE
lʉk	lʉkλamən	N;PL;PSS1D;NOM	TRUE
lʉk	lʉkλən	N;PL;PSS{2/3}D;NOM	TRUE
ma	ma	PRO;NOM;SG	TRUE
măl	măl	PART	TRUE
ma	mănԑm	PRO;DAT;SG	TRUE
mănti	măna	V;IMP;ARGNOS;ARGNO2	TRUE
mănti	mănatən	V;IMP;ARGNOD;ARGNO2	TRUE
mănti	mănati	V;IMP;ARGNOP;ARGNO2	TRUE
mănəm	mănəm	ADJ	TRUE
mănti	mănəs	V;PST;ARGNO3;ARGNOS	TRUE
mănti	mănəsəm	V;PST;ARGNO1;ARGNOS	TRUE
mănti	mănəsəw	V;PST;ARGNO1;ARGNOP	TRUE
ma	mănət	PRO;ACC;SG	TRUE
mănti	mănəλ	V;PRS;ARGNO3;ARGNOS	TRUE
mănԑməti	mănɛməs	V;PST;ARGNO3;ARGNOS	TRUE
manijəλti	manijəλsəm	V;PST;ARGNO1;ARGNOS	TRUE
manijəλti	mănijəλλət	V;PRS;ARGNO3;ARGNOP	TRUE
mănti	mănmaλ	V;PST;INFER;ARGNO3;ARGNOS	TRUE
mănti	mănmaλən	V;PST;ARGNO3;ARGNOS;TAXIS	TRUE
mănti	mănmen	V;PST;INFER;ARGNO2;ARGNOS	TRUE
mănti	manmeλ	V;PST;INFER;ARGNO3;ARGNOP	TRUE
mănti	măns	V;PST;ARGNO3;ARGNOS	TRUE
mănti	mănsaŋən	V;PST;PASS;ARGNO3;ARGNOD	TRUE
mănti	mănsəm	V;PST;ARGNO1;ARGNOS	TRUE
mănti	mănsəmən	V;PST;ARGNO1;ARGNOD	TRUE
mănti	mănsəmn	V;PST;ARGNO1;ARGNOD	TRUE
mănti	mănsəŋən	V;PST;ARGNO3;ARGNOD	TRUE
mănšəti	mănšəs	V;PST;ARGNO3;ARGNOS	TRUE
mănšəti	mănšəsi	V;PST;PASS;ARGNO3;ARGNOS	TRUE
mănšəti	mănšəsλe	V;PST;ARGNO3;ARGNOS;ARGAC	TRUE
mănti	mănsət	V;PST;ARGNO3;ARGNOP	TRUE
mănšəti	mănšətaλ	V;PRS;INFER;ARGNO3;ARGNOS	TRUE
mănšəti	mănšətenən	V;PRS;ARGNO2;ARGNOS;TAXIS	TRUE
mănti	mănsəw	V;PST;ARGNO1;ARGNOP	TRUE
mănšəti	mănšəλijət	V;PRS;PASS;ARGNO3;ARGNOP	TRUE
mănšɛməti	mănšɛmsəmn	V;PST;ARGNO1;ARGNOD	TRUE
mănti	măntan	V;PRS;INFER;ARGNO{2/3};ARGNOD	TRUE
mănti	măntanən	V;PRS;ARGNO{2/3};ARGNOD;TAXIS	TRUE
mănti	măntaλ	V;PRS;INFER;ARGNO3;ARGNOS	TRUE
mănti	măntaλən	V;PRS;ARGNO3;ARGNOS;TAXIS	TRUE
mănti	măntaλn	V;PRS;ARGNO3;ARGNOS;TAXIS	TRUE
mănti	mănten	V;PRS;INFER;ARGNO2;ARGNOS	TRUE
mănti	măntew	V;PRS;INFER;ARGNO1;ARGNOP	TRUE
mănti	mănteλ	V;PRS;INFER;ARGNO3;ARGNOP	TRUE
mănti	măntɛm	V;PRS;INFER;ARGNO1;ARGNOS	TRUE
mănti	măntɛmən	V;PRS;INFER;ARGNO1;ARGNOD	TRUE
ma	mănti	PRO;ACC;SG	TRUE
mănti	mănti	V.PTCP;PRS	TRUE
mănti	mănλ	V;PRS;ARGNO3;ARGNOS	TRUE
mănti	mănλa	V;PRS;PASS;ARGNO3;ARGNOS	TRUE
mănti	mănλew	V;PRS;ARGNO1;ARGNOP;ARGACS	TRUE
mănti	mănλəλəw	V;PRS;ARGNO1;ARGNOP;ARGAC{D/P}	TRUE
mănti	mănλəm	V;PRS;ARGNO1;ARGNOS	TRUE
mănti	mănλəmən	V;PRS;ARGNO1;ARGNOD	TRUE
mănti	mănλən	V;PRS;ARGNO2;ARGNOS	TRUE
mănti	mănλəŋən	V;PRS;ARGNO3;ARGNOD	TRUE
mănti	mănλət	V;PRS;ARGNO3;ARGNOP	TRUE
mănti	mănλətən	V;PRS;ARGNO2;ARGNOD	TRUE
mănti	mănλəti	V;PRS;ARGNO2;ARGNOP	TRUE
mănti	mănλəw	V;PRS;ARGNO1;ARGNOP	TRUE
mănti	mănλəλəw	V;PRS;ARGNO1;ARGNOP;ARGAC{D/P}	TRUE
măr	măr	ADP	TRUE
măr	măr	N;NOM;SG	TRUE
măr	măra	N;DAT;SG	TRUE
măratti	măratəs	V;PST;ARGNO3;ARGNOS	TRUE
măr	mărewn	N;SG;PSS1P;LOC	TRUE
măr	măreλən	N;PSS3P;LOC;SG	TRUE
mărək	mărək	N;NOM;SG	TRUE
mărək	mărəka	N;DAT;SG	TRUE
măr	mărən	N;LOC;SG	TRUE
măr	mărən	ADP;LOC	TRUE
măr	mărənən	N;PSS{2/3}D;LOC;SG	TRUE
mărəŋ	mărəŋ	ADJ	TRUE
mărətti	mărətəs	V;PST;ARGNO3;ARGNOS	TRUE
măr	mărəλən	N;SG;PSS3S;LOC	TRUE
măr	mărɛmən	N;PSS1S;SG;LOC	TRUE
mărɛməti	mărɛməten	V;PRS;INFER;ARGNO2;ARGNOS	TRUE
mărɛməti	mărɛməλijŋən	V;PRS;PASS;ARGNO3;ARGNOD	TRUE
mărɛmijəλti	mărɛmijλ	V;PRS;ARGNO3;ARGNOS	TRUE
măr	mărɛmn	N;PSS1S;SG;LOC	TRUE
mărŋəλtijəλti	mărŋəλtijəλλən	V;PRS;ARGNO2;ARGNOS	TRUE
mărətti	mărtəs	V;PST;ARGNO3;ARGNOS	TRUE
măti	măs	V;PST;ARGNO3;ARGNOS	TRUE
măti	măsəm	V;PST;ARGNO1;ARGNOS	TRUE
măti	măsi	V;PST;PASS;ARGNO3;ARGNOS	TRUE
măti	măsijəm	V;PST;PASS;ARGNO1;ARGNOS	TRUE
măšja	măšja	ADJ	TRUE
măšjaja	măšjaja	ADV	TRUE
măti	măsλe	V;PST;ARGNO3;ARGNOS;ARGAC	TRUE
măti	măsλən	V;PST;ARGNO{2/3};ARGNOD;ARGAC{D/P}	TRUE
mătajəλ	mătajəλ	ADV	TRUE
măti	măti	V.PTCP;PRS	TRUE
mătta	mătta	PRO;NOM;SG	TRUE
mătta	măttajət	PRO;PL;NOM	TRUE
mătte	mătte	ADV	TRUE
mătte	mătte	CONJ	TRUE
mătta	măttən	PRO;LOC;SG	TRUE
măttirən	măttirən	ADV	TRUE
măttirən	măttirn	ADV	TRUE
mawəŋ	mawəŋ	ADJ	TRUE
măti	măλ	V;PRS;ARGNO3;ARGNOS	TRUE
măλ	măλ	ADJ	TRUE
măλatti	măλattija	N;DAT;SG	TRUE
măti	măλen	V;PRS;ARGNO2;ARGNOS;ARGACS	TRUE
măti	măλew	V;PRS;ARGNO1;ARGNOP;ARGACS	TRUE
măti	măλəm	V;PRS;ARGNO1;ARGNOS	TRUE
măti	măλən	V;PRS;ARGNO2;ARGNOS	TRUE
măti	măλəw	V;PRS;ARGNO1;ARGNOP	TRUE
măti	măλɛm	V;PRS;ARGNO1;ARGNOS;ARGACS	TRUE
măti	măλi	V;PRS;PASS;ARGNO3;ARGNOS	TRUE
măti	măλλe	V;PRS;ARGNO3;ARGNOS;ARGAC	TRUE
măti	măλλən	V;PRS;ARGNO2;ARGNOP;ARGAC{D/P}	TRUE
meń	meń	N;NOM;SG	TRUE
meń	meńəλ	N;PSS3S;NOM;SG	TRUE
meń	meńəλa	N;PSS3S;DAT;SG	TRUE
meń	meńəλən	N;PSS3S;LOC;SG	TRUE
mes	mesən	N;LOC;SG	TRUE
mewəλ	mewəλ	N;NOM;SG	TRUE
mewəλ	mewəλən	N;LOC;SG	TRUE
mewətti	mewtəs	V;PST;ARGNO3;ARGNOS	TRUE
mewəλ	mewλen	N;PSS2S;NOM;SG	TRUE
mewəλ	mewλəλ	N;PSS3S;NOM;SG	TRUE
mewəλ	mewλəλa	N;PSS3S;DAT;SG	TRUE
mewəλ	mewλəλən	N;PSS3S;LOC;SG	TRUE
mɛlək	mɛlək	ADJ	TRUE
mɛnəmti	mɛnəmmaλ	V;PST;INFER;ARGNO3;ARGNOS	TRUE
mɛnɛməti	mɛnɛməmaλ	V;PST;INFER;ARGNO3;ARGNOS	TRUE
mɛnɛməti	mɛnɛməsi	V;PST;PASS;ARGNO3;ARGNOS	TRUE
mɛnɛməti	mɛnɛməsλe	V;PST;ARGNO3;ARGNOS;ARGAC	TRUE
mɛńnɛ	mɛńńɛ	N;NOM;SG	TRUE
mɛńnɛ	mɛńńɛŋən	N;PSS2S;NOM;SG	TRUE
mɛńnɛ	mɛńńɛŋəλ	N;PSS3S;NOM;SG	TRUE
mɛnλəti	mɛnλəλət	V;PRS;ARGNO3;ARGNOP	TRUE
mɛŋk	mɛŋk	N;NOM;SG	TRUE
mɛŋk	mɛŋkəλ	N;PSS3S;NOM;SG	TRUE
mɛšəmtti	mɛšəmsəλλe	V;PST;ARGNO3;ARGNOS;ARGAC	TRUE
mɛt	mɛt	ADV	TRUE
mɛta	mɛta	PART	TRUE
mɛtjɵχət	mɛtjɵχət	ADV	TRUE
mɛtšəti	mɛtšaλi	V;IMP;ARGNOS;ARGAC{D/P};ARGNO2	TRUE
mɛtšəti	mɛtšəsi	V;PST;PASS;ARGNO3;ARGNOS	TRUE
mɛtšəti	mɛtšəsλe	V;PST;ARGNO3;ARGNOS;ARGAC	TRUE
mɛtšopəŋ	mɛtšopəŋ	ADV	TRUE
măti	mija	V;IMP;ARGNO2;ARGNOS	TRUE
măti	mijaλən	V;IMP;ARGNO2;ARGNO{D/P};ARGAC	TRUE
măti	mije	V;IMP;ARGNOS;ARGACS;ARGNO2	TRUE
măti	mijəm	V.PTCP;PST	TRUE
mijλˊəti	mijλˊe	V;IMP;ARGNOS;ARGACS;ARGNO2	TRUE
mijλˊijəλti	mijλˊijəλŋən	V;PRS;ARGNO3;ARGNOD	TRUE
mijλˊəti	mijλˊsət	V;PST;ARGNO3;ARGNOP	TRUE
mil	mil	N;NOM;SG	TRUE
mil	mila	N;DAT;SG	TRUE
miləp	miləp	ADJ	TRUE
mil	miləλ	N;PSS3S;NOM;SG	TRUE
mil	miln	N;LOC;SG	TRUE
min	min	PRO;NOM;DU	TRUE
min	minam	PRO;DAT;DU	TRUE
min	mint	PRO;ACC;SG	TRUE
mir	mir	N;NOM;SG	TRUE
mir	miren	N;PSS2S;NOM;SG	TRUE
mir	mirew	N;PSS1P;NOM;SG	TRUE
mir	mirən	N;LOC;SG	TRUE
mir	mirəta	N;PL;DAT	TRUE
mir	mirəλ	N;PSS3S;NOM;SG	TRUE
mir	mirəλa	N;PSS3S;DAT;SG	TRUE
mir	mirəλən	N;PSS3S;LOC;SG	TRUE
mir	mirλaλ	N;PL;PSS3P;NOM	TRUE
mirχot	mirχota	N;DAT;SG	TRUE
mis	mis	N;NOM;SG	TRUE
misəŋ	misəŋ	ADJ	TRUE
mis	misλaλ	N;PL;PSS3S;NOM	TRUE
mit	mit	N;NOM;SG	TRUE
mitaλəti	mitaλəs	V;PST;ARGNO3;ARGNOS	TRUE
mitjoχ	mitjoχ	N;NOM;SG	TRUE
mitjoχ	mitjoχət	N;PL;NOM	TRUE
mitjoχ	mitjoχλaλ	N;PL;PSS3S;NOM	TRUE
mitjoχ	mitjoχλaλən	N;PL;PSS3S;LOC	TRUE
mitra	mitra	N;NOM;SG	TRUE
mitra	mitrajən	N;LOC;SG	TRUE
mitrajəŋ	mitrajəŋ	ADJ	TRUE
mitχɵ	mitχɵ	N;NOM;SG	TRUE
mitχɵ	mitχɵja	N;DAT;SG	TRUE
mitχɵ	mitχɵjəλ	N;PSS3S;NOM;SG	TRUE
mitχɵ	mitχɵjɛm	N;PSS1S;NOM;SG	TRUE
mitχɵ	mitχɵjλ	N;PSS3S;NOM;SG	TRUE
mitχɵ	mitχɵjλa	N;PSS3S;DAT;SG	TRUE
moj	moj	N;NOM;SG	TRUE
moj	moja	N;DAT;SG	TRUE
mojəŋ	mojəŋ	ADJ	TRUE
mojəŋa	mojəŋa	ADV	TRUE
mojpər	mojpər	N;NOM;SG	TRUE
mojpər	mojpərən	N;LOC;SG	TRUE
moj	mojλa	N;PSS3S;DAT;SG	TRUE
moj	mojλaλ	N;PL;PSS3S;NOM	TRUE
mojλəptəti	mojλəpsəλən	V;PST;ARGNO2;ARGNO{D/P};ARGACS	TRUE
mojλəpsi	mojλəpsi	N;NOM;SG	TRUE
mojλəptəti	mojλəpsijət	V;PST;PASS;ARGNO3;ARGNOP	TRUE
mojλəpsi	mojλəpsijət	N;NOM;PL	TRUE
mojλəti	mojλəsət	V;PST;ARGNO3;ARGNOP	TRUE
mojλəti	mojλəsi	V;PST;PASS;ARGNO3;ARGNOS	TRUE
mojλəti	mojλəsijəm	V;PST;PASS;ARGNO1;ARGNOS	TRUE
mojλəti	mojλəsijmən	V;PST;PASS;ARGNO1;ARGNOD	TRUE
mojλəti	mojλəsλe	V;PST;ARGNO3;ARGNOS;ARGAC	TRUE
mojλəti	mojλəti	V.PTCP;PRS	TRUE
mojλəti	mojλəλ	V;PRS;ARGNO3;ARGNOS	TRUE
mojλəti	mojλəλət	V;PRS;ARGNO3;ARGNOP	TRUE
mojλəti	mojλəλəw	V;PRS;ARGNO1;ARGNOP	TRUE
mojλəti	mojλəλɛm	V;PRS;ARGNO1;ARGNOS;ARGACS	TRUE
mojλəti	mojλəλijəm	V;PRS;PASS;ARGNO1;ARGNOS	TRUE
mojλəti	mojλəλλe	V;PRS;ARGNO3;ARGNOS;ARGAC	TRUE
moləpśəŋ	moləpśəŋ	ADJ	TRUE
moləpśi	moləpśi	N;NOM;SG	TRUE
moləpśi	moləpśiλaλ	N;PL;PSS3S;NOM	TRUE
molśi	molśen	N;PSS2S;NOM;SG	TRUE
molśi	molśɛm	N;PSS1S;NOM;SG	TRUE
molśi	molśi	N;NOM;SG	TRUE
mońś	mońś	N;NOM;SG	TRUE
mońśti	mońśa	V;IMP;ARGNO2;ARGNOS	TRUE
mońś	mońśen	N;PSS2S;NOM;SG	TRUE
mońśti	mońśəs	V;PST;ARGNO3;ARGNOS	TRUE
mońś	mońśət	N;PL;NOM	TRUE
mońśti	mońśəλ	V;PRS;ARGNO3;ARGNOS	TRUE
mońś	mońśɛm	N;PSS1S;NOM;SG	TRUE
mońśi	mońśi	V.PTCP;PRS	TRUE
mońśti	mońśλaλ	V;PRS;ARGNO3;ARGNOP;ARGAC{D/P}	TRUE
mońśi	mońλajəm	V;PRS;PASS;ARGNO1;ARGNOS	TRUE
mońśi	mońλaλ	V;PRS;ARGNO3;ARGNOP;ARGAC{D/P}	TRUE
morti	morti	ADJ	TRUE
mosəŋ	mosəŋ	ADV	TRUE
mosti	mosəs	V;PST;ARGNO3;ARGNOS	TRUE
mosti	mosəλ	V;PRS;ARGNO3;ARGNOS	TRUE
mosəλtəti	mosəλtəsλe	V;PST;ARGNO3;ARGNOS;ARGAC	TRUE
mosəλtijəλti	mosəλtijəs	V;PST;ARGNO3;ARGNOS	TRUE
mosəλtijəλti	mosəλtijλəs	V;PST;ARGNO3;ARGNOS	TRUE
mosti	mosman	V.CVB	TRUE
mosəŋ	mosŋ	ADV	TRUE
mosti	mosti	V.PTCP;PRS	TRUE
mosti	mosλ	V;PRS;ARGNO3;ARGNOS	TRUE
mosti	mosλajən	V;PRS;PASS;ARGNO2;ARGNOS	TRUE
mʉw	mʉw	N;NOM;SG	TRUE
mʉw	mʉwa	N;DAT;SG	TRUE
mʉw	mʉwen	N;PSS2S;NOM;SG	TRUE
mʉw	mʉwew	N;PSS1P;NOM;SG	TRUE
mʉw	mʉwewa	N;PSS1P;DAT;SG	TRUE
mʉw	mʉwewən	N;PSS1P;LOC;SG	TRUE
mʉw	mʉwewn	N;PSS1P;LOC;SG	TRUE
mʉw	mʉwən	N;LOC;SG	TRUE
mʉw	mʉwən	N;PSS2P;NOM;SG	TRUE
mʉwəŋ	mʉwəŋ	ADJ	TRUE
mʉw	mʉwət	N;PL;NOM	TRUE
mʉw	mʉwəta	N;PL;DAT	TRUE
mʉw	mʉwəλ	N;PSS3S;NOM;SG	TRUE
mʉw	mʉwəλa	N;PSS3S;DAT;SG	TRUE
mʉw	mʉwɛm	N;PSS1S;NOM;SG	TRUE
mʉw	mʉwɛma	N;PSS1S;DAT;SG	TRUE
mʉw	mʉwɛmən	N;PSS1S;LOC;SG	TRUE
mʉwije	mʉwijen	N;PSS2S;NOM;SG	TRUE
mʉwpaj	mʉwpaj	N;NOM;SG	TRUE
mʉwpaj	mʉwpajən	N;LOC;SG	TRUE
mʉwλi	mʉwλi	ADJ	TRUE
pɛlək	pɛləkən	N;LOC;SG	TRUE
pɛlək	pɛlkəλ	N;PSS3S;NOM;SG	TRUE
šiməλ	šiməλ	NUM	TRUE
šɵšəmti	šɵšməs	V;PST;ARGNO3;ARGNOS	TRUE
šɵšəmti	šɵšməs	V;PST;ARGNO3;ARGNOS	TRUE
tɵti	tɵti	V.PTCP;PRS	TRUE
ʉwətti	ʉwtəs	V;PST;ARGNO3;ARGNOS	TRUE
woš	woš	N;NOM;SG	TRUE
woš	woša	N;DAT;SG	TRUE
woš	wošen	N;PSS2S;NOM;SG	TRUE
woš	wošena	N;PSS2S;DAT;SG	TRUE
woš	wošew	N;PSS1P;NOM;SG	TRUE
woš	wošewa	N;PSS1P;DAT;SG	TRUE
woš	wošewən	N;PSS1P;LOC;SG	TRUE
woš	wošeλa	N;PSS3P;DAT;SG	TRUE
woš	wošən	N;LOC;SG	TRUE
wošəŋ	wošəŋ	ADJ	TRUE
woš	wošət	N;PL;NOM	TRUE
woš	wošəλa	N;PSS3S;DAT;SG	TRUE
woš	wošɛm	N;PSS1S;NOM;SG	TRUE
wošije	wošijeλ	N;PSS3S;NOM;SG	TRUE
woš	wošn	N;LOC;SG	TRUE
woš	wošt	N;PL;NOM	TRUE
χănšijʉχ	χănšijʉχ	N;NOM;SG	TRUE
χɵ	χɵ	N;NOM;SG	TRUE
χɵ	χɵja	N;DAT;SG	TRUE
χɵ	χɵjen	N;PSS2S;NOM;SG	TRUE
χɵ	χɵjew	N;PSS1P;NOM;SG	TRUE
χɵ	χɵjeλ	N;PSS3P;NOM;SG	TRUE
χɵ	χɵjən	N;LOC;SG	TRUE
χɵ	χɵjən	N;PSS{2/3}D;NOM;SG	TRUE
χɵjəŋ	χɵjəŋ	ADJ	TRUE
χɵ	χɵjət	N;PL;NOM	TRUE
χɵ	χɵjəλ	N;PSS3S;NOM;SG	TRUE
χɵ	χɵjəλən	N;PSS3S;LOC;SG	TRUE
χɵ	χɵjɛm	N;PSS1S;NOM;SG	TRUE
χɵ	χɵjŋən	N;DU;NOM	TRUE
χɵjti	χɵjtaλ	V;PRS;INFER;ARGNO3;ARGNOP	TRUE
χɵ	χɵjλan	N;PL;PSS2S;NOM	TRUE
χɵ	χɵjλaλ	N;PL;PSS3S;NOM	TRUE
χɵ	χɵjλən	N;PL;PSS2P;LOC	TRUE
χɵńawrɛm	χɵńawrɛm	N;NOM;SG	TRUE
χuλ	χuλ	PRO;NOM;SG	TRUE
χuλijewa	χuλijewa	ADV	TRUE
χʉλ	χʉλ	N;NOM;SG	TRUE
χʉλ	χʉλa	N;DAT;SG	TRUE
χʉλ	χʉλen	N;PSS2S;NOM;SG	TRUE
χʉλ	χʉλew	N;PSS1P;NOM;SG	TRUE
χʉλ	χʉλeλ	N;PSS3P;NOM;SG	TRUE
χʉλəŋ	χʉλəŋ	ADJ	TRUE
χʉλ	χʉλət	N;PL;NOM	TRUE
χʉλ	χʉλəλ	N;PSS3S;NOM;SG	TRUE
χʉλ	χʉλɛm	N;PSS1S;NOM;SG	TRUE
χʉλije	χʉλije	N;NOM;SG	TRUE
χʉλije	χʉλijen	N;PSS2S;NOM;SG	TRUE
χʉλije	χʉλijena	N;PSS2S;DAT;SG	TRUE
χʉλije	χʉλijet	N;PL;NOM	TRUE
χʉλ	χʉλijeλ	N;PSS3S;NOM;SG	TRUE
χʉλwuj	χʉλwuj	N;NOM;SG	TRUE
χʉλ	χʉλλan	N;PL;PSS2S;NOM	TRUE
χʉλ	χʉλλaλ	N;PL;PSS3P;NOM	TRUE